ParentTitle,ParentURL,ChildTitle,ChildURL,SubChildTitle,SubChildURL
SD Office,GMOffice,,,,
Human Resource,SHR,,,,
Human Resource,SHR,People Planning & Management,SHR-PPlngMgmt,,
Human Resource,SHR,Learning,SHR-REMER,,
Human Resource,SHR,Remuneration & Employee Relations,SHR-Lrng,,
"Health, Safety & Environment ",SSE,,,,
"Health, Safety & Environment ",SSE,Industrial Hygiene,SSE-IH,,
"Health, Safety & Environment ",SSE,Occupational Health,SSE-OH,,
"Health, Safety & Environment ",SSE,Safety,SSE-Safety,,
"Health, Safety & Environment ",SSE,Environment,SSE-Environment,,
"Health, Safety & Environment ",SSE,Performance & Standards,SSE-SP,,
Integrated Facilities,SIF,,,,
Integrated Facilities,SIF,SIF-T,SIF-SIF,,
Integrated Facilities,SIF,SBGAST,SIF-SBGAST,,
Integrated Facilities,SIF,LGAST,SIF-LGAST,,
Integrated Facilities,SIF,SOGT,SIF-SOGT,,
Integrated Facilities,SIF,Integrated Production Planning,SIF-IPP,,
Integrated Facilities,SIF,Integrated Production Planning,SIF-IPP,Integrated Oil Planning,SIF-IPP-IOP
Integrated Facilities,SIF,Integrated Production Planning,SIF-IPP,Integrated Gas Planning,SIF-IPP-IGP
Integrated Facilities,SIF,Integrated Production Planning,SIF-IPP,Hydrocarbon Allocation,SIF-IPP-HAA
Integrated Facilities,SIF,Integrated Production Planning,SIF-IPP,Customer Interface,SIF-IPP-IGP-CI
Integrated Facilities,SIF,OBO,SIF-OBO,,
SSGP,SSGP,,,,
SSGP,SSGP,SIF-Pipeline,SSGP-SIFPipeline,,
SSGP,SSGP,Sabah Operations,SSGP-SabahOp,,
SSGP,SSGP,Sarawak Operations,SSGP-SwkOp,,
SSGP,SSGP,Integrity,SSGP-Integrity,,
SSGP,SSGP,Intervention,SSGP-Intervent,,
SSGP,SSGP,Operation Support,SSGP-OpSupport,,
SSGP,SSGP,FOM - SSGP,SSGP-FOM,,
Production,SPD,,,,
Production,SPD,Head Office,SPD-HeadOffice,,
Production,SPD,FM - ETK/LBY,SPD-FMNorthern,,
Production,SPD,FM - SMG/SUM/KNNAG,SPD-FMSouthern,,
Production,SPD,Samarang,SPD-Smg,,
Production,SPD,Sumandak,SPD-Sum,,
Production,SPD,KNNAG,SPD-KNNAG,,
Production,SPD,EW/KIN,SPD-EWKIN,,
Production,SPD,Tembungo,SPD-TBG,,
Production,SPD,Limbayong,SPD-LBY,,
Production,SPD,Bestari,SPD-Bestari,,
Production,SPD,Operation Services,SPD-OpServ,,
Technical Services,STS,,,,
Technical Services,STS,CMPE,STS-CMPE,,
Technical Services,STS,Planning and Control,STS-PnC,,
Technical Services,STS,Planning and Control,STS-PnC,Planning and Scheduling,STS-PnC-PlannSch
Technical Services,STS,Planning and Control,STS-PnC,Contract and Material Management,STS-PnC-CMM
Technical Services,STS,Planning and Control,STS-PnC,PMMS,STS-PnC-PMMS
Technical Services,STS,Planning and Control,STS-PnC,Document Management,STS-PnC-DMC
Technical Services,STS,Planning and Control,STS-PnC,Cost Management,STS-PnC-CMPC
Technical Services,STS,Facilities Engineering,STS-Rel,,
Technical Services,STS,Speacialized Maintenance,STS-FacEng,,
Technical Services,STS,Inspection Assurance & Quality,STS-InsAss,,
Technical Services,STS,Construction,STS-Construct,,
Technical Services,STS,Reliability,STS-Reliability,,
Specialized Maintenance,SSM,,,,
Specialized Maintenance,SSM,Measurement Assurance,SSM-MeasAssur,,
Specialized Maintenance,SSM,Pipeline & Strutural Engineering,SSM-PipeStructEng,,
Specialized Maintenance,SSM,Rotating Machinery,SSM-RttgMch,,
Specialized Maintenance,SSM,Mechanical Static,SSM-MechStat,,
Specialized Maintenance,SSM,Electrical,SSM-Elec,,
Specialized Maintenance,SSM,Instrument & Control,SSM-InstCont,,
Surveillance,SSS,,,,
Surveillance,SSS,Surveillance Cluster 1 (SMRG/KNNAG),SSS-CLUS1SMGKNNAG,,
Surveillance,SSS,Surveillance Cluster 2 (SKZ/ETK),SSS-CLUS2SKZETK,,
Surveillance,SSS,Production Chemistry,SSS-ProdChem,,
Surveillance,SSS,Wells Intervention & Services,SSS-WellsIS,,
Process Safety Management,SPS,,,,
PA & Risk Management,SPA,,,,
PA & Risk Management,SPA,Risk Management,SPA-RM,,
PA & Risk Management,SPA,Petroleum Arrangement,SPA-PA,,
Administration,SAM,,,,
Administration,SAM,Administration,SAM-Admin,,
Administration,SAM,Building Maintenance,SAM-BM,,
Administration,SAM,Public Relations,SAM-PR,,
Business Planning & Improvement,SBP,,,,
Business Planning & Improvement,SBP,Business Planning,SBP-BP,,
Business Planning & Improvement,SBP,Performance Improvement,SBP-PI,,
