ParentTitle,ParentURL,ChildTitle,ChildURL,SubChildTitle,SubChildURL
ECM,https://petronas.sharepoint.com/sites/ecm,,,,
Strategy & Commercial,,,,,
Strategy & Commercial (USC),USC,,,,
Strategy & Commercial (USC),USC,Head USC,USC-HO,,
Strategy & Commercial (USC),USC,Head USC,USC-HO,GM Office,USC-HO-GMO
Strategy & Commercial (USC),USC,Head USC,USC-HO,USC LT,USC-HO-LT
Strategy & Commercial (USC),USC,Head USC,USC-HO,USCA PALS,USC-HO-PALS
Strategy & Commercial (USC),USC,Strategic Advisory (Planning),USC-SA,,
Strategy & Commercial (USC),USC,Stakeholder Management,USC-SM,,
Strategy & Commercial (USC),USC,Stakeholder Management,USC-SM,Head Stakeholder Management,USC-SM-HSM
Strategy & Commercial (USC),USC,Stakeholder Management,USC-SM,Corporate Social Responsibilty (CSR),USC-SM-CSR
Strategy & Commercial (USC),USC,Stakeholder Management,USC-SM,Stakeholder Management - Business Development (BD),USC-SM-BD
Strategy & Commercial (USC),USC,Stakeholder Management,USC-SM,Stakeholder Management - Exploration,USC-SM-Exp
Strategy & Commercial (USC),USC,Stakeholder Management,USC-SM,Stakeholder Management - D&P International,USC-SM-DPI
Strategy & Commercial (USC),USC,Stakeholder Management,USC-SM,Stakeholder Management - Malaysia,USC-SM-M
Strategy & Commercial (USC),USC,Global Stakeholder Intelligence,USC-GSI,,
Strategy & Commercial (USC),USC,Corporate Communications,USC-CC,,
Strategy & Commercial (USC),USC,Corporate Communications,USC-CC,Head Corporate Communications,USC-CC-HCC
Strategy & Commercial (USC),USC,Corporate Communications,USC-CC,Internal Communication,USC-CC-IC
Strategy & Commercial (USC),USC,Corporate Communications,USC-CC,External Communication,USC-CC-EC
Strategy & Commercial (USC),USC,Programme Strategy & Management ,USC-PSM,,
Strategy & Commercial (USC),USC,Programme Strategy & Management ,USC-PSM,Facilities Management,USC-PSM-FM
