<?xml version="1.0"?>
<pnp:Provisioning xmlns:pnp="http://schemas.dev.office.com/PnP/2021/03/ProvisioningSchema">
  <pnp:Preferences Generator="PnP.Framework, Version=1.6.0.0, Culture=neutral, PublicKeyToken=null">
    <pnp:Parameters>
      <pnp:Parameter Key="SITECOLLECTION_82d48849c7454d86b6c17c4b6c4e8863_URL">https://petronas.sharepoint.com/sites/ecm_sandbox2</pnp:Parameter>
      <pnp:Parameter Key="SITECOLLECTION_82d48849c7454d86b6c17c4b6c4e8863_TITLE">Sandbox2</pnp:Parameter>
      <pnp:Parameter Key="SubWeb_URL">SubWeb1</pnp:Parameter>
      <pnp:Parameter Key="SubWeb_TITLE">Sub Web 1</pnp:Parameter>

    </pnp:Parameters>
  </pnp:Preferences>
  <pnp:Templates ID="CONTAINER-DUMMY-abf73ab9-f207-45a4-b9f2-d8a456d0ab6a">
  
    <pnp:ProvisioningTemplate ID="TEMPLATE-SiteGroups" Version="0" >
       
    </pnp:ProvisioningTemplate>
    <pnp:ProvisioningTemplate ID="TEMPLATE-82d48849c7454d86b6c17c4b6c4e8863" Version="0" BaseSiteTemplate="STS#3" Scope="RootSite">
      <!--
      <pnp:SiteSettings AllowDesigner="true" AllowCreateDeclarativeWorkflow="true" AllowSaveDeclarativeWorkflowAsTemplate="true" AllowSavePublishDeclarativeWorkflow="true" SearchBoxInNavBar="Inherit" SearchCenterUrl="" />
      <pnp:RegionalSettings AdjustHijriDays="0" AlternateCalendarType="None" CalendarType="Gregorian" Collation="25" FirstDayOfWeek="Sunday" FirstWeekOfYear="0" LocaleId="1033" ShowWeeks="false" Time24="false" TimeZone="13" WorkDayEndHour="5:00PM" WorkDays="62" WorkDayStartHour="8:00AM" />
      <pnp:PropertyBagEntries>
        <pnp:PropertyBagEntry Key="UseFastCloneFromSiteMaster" Value="FALSE" Overwrite="false" />
      </pnp:PropertyBagEntries>
      -->
      <pnp:Security AssociatedOwnerGroup="{groupsitetitle} Owners" AssociatedMemberGroup="{groupsitetitle} Members" AssociatedVisitorGroup="{groupsitetitle} Visitors">
        <pnp:SiteGroups>
          <pnp:SiteGroup
              Title="{parameter:SubWeb_TITLE} Owners"
              Description=""
              Owner="{parameter:SubWeb_TITLE} Owners" />
          <pnp:SiteGroup
              Title="{parameter:SubWeb_TITLE} Members"
              Description=""
              Owner="{parameter:SubWeb_TITLE} Owners" />
          <pnp:SiteGroup
              Title="{parameter:SubWeb_TITLE} Visitors"
              Description=""
              Owner="{parameter:SubWeb_TITLE} Owners" />
        </pnp:SiteGroups>
        <pnp:Permissions>
          <pnp:RoleAssignments>
            <pnp:RoleAssignment Principal="{parameter:SubWeb_TITLE} Owners" RoleDefinition="Read"/>
            <pnp:RoleAssignment Principal="{parameter:SubWeb_TITLE} Members" RoleDefinition="Read"/>
            <pnp:RoleAssignment Principal="{parameter:SubWeb_TITLE} Visitors" RoleDefinition="Read"/>
          </pnp:RoleAssignments>
        </pnp:Permissions>

      </pnp:Security>
      <pnp:Navigation AddNewPagesToNavigation="false" CreateFriendlyUrlsForNewPages="false">
        <pnp:GlobalNavigation NavigationType="Structural">
          <pnp:StructuralNavigation RemoveExistingNodes="false">
            <pnp:NavigationNode Title="{parameter:SubWeb_TITLE}" Url="{site}/{parameter:SubWeb_URL}" />
          </pnp:StructuralNavigation>
        </pnp:GlobalNavigation>
        <pnp:CurrentNavigation NavigationType="StructuralLocal">
          <pnp:StructuralNavigation RemoveExistingNodes="false">
          <!--
            <pnp:NavigationNode Title="Home" Url="{site}" />
            <pnp:NavigationNode Title="Notebook" Url="{site}/_layouts/15/Doc.aspx?sourcedoc=%7B749f4ad5-8c83-46f1-b794-8cbc03c15aad%7D&amp;action=editnew" IsExternal="true" />
            <pnp:NavigationNode Title="Documents" Url="{site}/Shared Documents/Forms/AllItems.aspx" />
            <pnp:NavigationNode Title="Pages" Url="{site}/SitePages/Forms/ByAuthor.aspx" />
            <pnp:NavigationNode Title="Site contents" Url="{site}/_layouts/15/viewlsts.aspx" IsExternal="true" />
          -->
          </pnp:StructuralNavigation>
        </pnp:CurrentNavigation>
      </pnp:Navigation>
      <!--
      <pnp:SiteFields>
        <Field ID="{9889a80f-c9ec-41d8-a359-ac5fb5c4cfa2}" Name="_SPCallToAction" StaticName="_SPCallToAction" DisplayName="Call To Action" Type="Note" SourceID="http://schemas.microsoft.com/sharepoint/v3" Group="_Hidden" Description="" AllowDeletion="FALSE" ShowInNewForm="FALSE" ShowInEditForm="FALSE" ShowInDisplayForm="FALSE" ShowInViewForms="FALSE" ShowInListSettings="FALSE" />
        <Field ID="{cb19284a-cde7-4570-a980-1dab8bd74470}" Name="_ExtendedDescription" SourceID="http://schemas.microsoft.com/sharepoint/v3" StaticName="_ExtendedDescription" DisplayName="Description" Group="Extended Columns" RichText="TRUE" ShowInEditForm="FALSE" RichTextMode="Compatible" CanToggleHidden="TRUE" Type="Note" />
        <Field Type="Text" DisplayName="InvoiceNumber" Required="FALSE" EnforceUniqueValues="FALSE" Indexed="FALSE" MaxLength="255" Group="ABC" ID="{d4db1f55-5282-4397-a9b3-28cb2655caa4}" SourceID="{835d3f64-888c-4dde-9f3e-a5d20f6a1d6b}" StaticName="InvoiceNumber" Name="InvoiceNumber">
        </Field>
        <Field ID="{AC9CE95B-F081-4B8A-BB19-2F4427D44674}" Name="_ExpirationDate" SourceID="http://schemas.microsoft.com/sharepoint/v3" StaticName="_ExpirationDate" Hidden="TRUE" Group="_Hidden" ReadOnly="TRUE" Type="Lookup" List="Docs" ShowField="ExpirationDate" DisplayName="Expiration Date" FromBaseType="TRUE" DisplaceOnUpgrade="TRUE" FieldRef="ID" JoinColName="DoclibRowId" JoinRowOrdinal="0" JoinType="INNER" />
        <Field ID="{ff41708b-e251-4237-a060-bea44657e8dc}" Name="_SPAssetFolderId" StaticName="_SPAssetFolderId" DisplayName="Asset Folder Id" Type="Number" SourceID="http://schemas.microsoft.com/sharepoint/v3" Group="_Hidden" Description="" ReadOnly="TRUE" AllowDeletion="FALSE" Hidden="TRUE" />
      </pnp:SiteFields>
      <pnp:ContentTypes>
        <pnp:ContentType ID="0x01010079307C21FA3A2A498101F2816A9C5934" Name="Invoice" Description="" Group="ABC" ReadOnly="true" NewFormUrl="" EditFormUrl="" DisplayFormUrl="" UpdateChildren="false">
          <pnp:FieldRefs>
            <pnp:FieldRef ID="c042a256-787d-4a6f-8a8a-cf6ab767f12d" Name="ContentType" UpdateChildren="true" />
            <pnp:FieldRef ID="5f47e085-2150-41dc-b661-442f3027f552" Name="SelectFilename" UpdateChildren="true" />
            <pnp:FieldRef ID="8553196d-ec8d-4564-9861-3dbe931050c8" Name="FileLeafRef" Required="true" UpdateChildren="true" />
            <pnp:FieldRef ID="8c06beca-0777-48f7-91c7-6da68bc07b69" Name="Created" Hidden="true" UpdateChildren="true" />
            <pnp:FieldRef ID="fa564e0f-0c70-4ab9-b863-0177e6ddd247" Name="Title" UpdateChildren="true" />
            <pnp:FieldRef ID="28cf69c5-fa48-462a-b5cd-27b6f9d2bd5f" Name="Modified" Hidden="true" UpdateChildren="true" />
            <pnp:FieldRef ID="822c78e3-1ea9-4943-b449-57863ad33ca9" Name="Modified_x0020_By" UpdateChildren="true" />
            <pnp:FieldRef ID="4dd7e525-8d6b-4cb4-9d3e-44ee25f973eb" Name="Created_x0020_By" UpdateChildren="true" />
            <pnp:FieldRef ID="d4db1f55-5282-4397-a9b3-28cb2655caa4" Name="InvoiceNumber" UpdateChildren="true" />
          </pnp:FieldRefs>
        </pnp:ContentType>
      </pnp:ContentTypes>
      -->
      <!--
      <pnp:Lists>
      
        <pnp:ListInstance Title="Documents" Description="" DocumentTemplate="{site}/Shared Documents/Forms/template.dotx" OnQuickLaunch="true" TemplateType="101" Url="Shared Documents" EnableVersioning="true" MinorVersionLimit="0" MaxVersionLimit="500" DraftVersionVisibility="0" TemplateFeatureID="00bfea71-e717-4e80-aa17-d0c71b360101" EnableAttachments="false" DefaultDisplayFormUrl="{site}/Shared Documents/Forms/DispForm.aspx" DefaultEditFormUrl="{site}/Shared Documents/Forms/EditForm.aspx" DefaultNewFormUrl="{site}/Shared Documents/Forms/Upload.aspx" ImageUrl="/_layouts/15/images/itdl.png?rev=47" IrmExpire="false" IrmReject="false" IsApplicationList="false" ValidationFormula="" ValidationMessage="">
          <pnp:ContentTypeBindings>
            <pnp:ContentTypeBinding ContentTypeID="0x0101" Default="true" />
            <pnp:ContentTypeBinding ContentTypeID="0x0120" />
          </pnp:ContentTypeBindings>
          <pnp:Views>
            <View Name="{09F3C007-847A-467B-9AFA-939D47712716}" DefaultView="TRUE" MobileView="TRUE" MobileDefaultView="TRUE" Type="HTML" DisplayName="All Documents" Url="{site}/Shared Documents/Forms/AllItems.aspx" Level="1" BaseViewID="1" ContentTypeID="0x" ImageUrl="/_layouts/15/images/dlicon.png?rev=47">
              <Query>
                <OrderBy>
                  <FieldRef Name="FileLeafRef" />
                </OrderBy>
              </Query>
              <ViewFields>
                <FieldRef Name="DocIcon" />
                <FieldRef Name="LinkFilename" />
                <FieldRef Name="Modified" />
                <FieldRef Name="Editor" />
              </ViewFields>
              <RowLimit Paged="TRUE">30</RowLimit>
              <JSLink>clienttemplates.js</JSLink>
            </View>
          </pnp:Views>
          <pnp:FieldRefs>
            <pnp:FieldRef ID="d307dff3-340f-44a2-9f4b-fbfe1ba07459" Name="_CommentCount" DisplayName="Comment count" />
            <pnp:FieldRef ID="db8d9d6d-dc9a-4fbd-85f3-4a753bfdc58c" Name="_LikeCount" DisplayName="Like count" />
            <pnp:FieldRef ID="cb19284a-cde7-4570-a980-1dab8bd74470" Name="_ExtendedDescription" DisplayName="Description" />
          </pnp:FieldRefs>
        </pnp:ListInstance>
        <pnp:ListInstance Title="Form Templates" Description="This library contains administrator-approved form templates that were activated to this site collection." DocumentTemplate="" TemplateType="101" Url="FormServerTemplates" MinorVersionLimit="0" MaxVersionLimit="0" DraftVersionVisibility="0" TemplateFeatureID="00bfea71-e717-4e80-aa17-d0c71b360101" EnableAttachments="false" EnableFolderCreation="false" DefaultDisplayFormUrl="{site}/FormServerTemplates/Forms/DispForm.aspx" DefaultEditFormUrl="{site}/FormServerTemplates/Forms/EditForm.aspx" DefaultNewFormUrl="{site}/FormServerTemplates/Forms/Upload.aspx" ImageUrl="/_layouts/15/images/itdl.png?rev=47" IrmExpire="false" IrmReject="false" IsApplicationList="false" ValidationFormula="" ValidationMessage="">
          <pnp:ContentTypeBindings>
            <pnp:ContentTypeBinding ContentTypeID="0x010100F8EF98760CBA4A94994F13BA881038FA" Default="true" />
          </pnp:ContentTypeBindings>
          <pnp:Views>
            <View Name="{6BAFB225-949D-4FBE-B887-AC7033167E6D}" MobileView="TRUE" Type="HTML" DisplayName="All Documents" Url="{site}/FormServerTemplates/Forms/AllItems.aspx" Level="1" BaseViewID="1" ContentTypeID="0x" ImageUrl="/_layouts/15/images/dlicon.png?rev=47">
              <Query>
                <OrderBy>
                  <FieldRef Name="FileLeafRef" />
                </OrderBy>
              </Query>
              <ViewFields>
                <FieldRef Name="DocIcon" />
                <FieldRef Name="LinkFilename" />
                <FieldRef Name="Modified" />
                <FieldRef Name="Editor" />
              </ViewFields>
              <RowLimit Paged="TRUE">30</RowLimit>
              <JSLink>clienttemplates.js</JSLink>
            </View>
            <View Name="{2D4D3B01-A14C-41D7-A1DE-72C03360EB08}" DefaultView="TRUE" MobileView="TRUE" MobileDefaultView="TRUE" Type="HTML" DisplayName="All Forms" Url="{site}/FormServerTemplates/Forms/All Forms.aspx" Level="1" BaseViewID="1" ContentTypeID="0x" ImageUrl="/_layouts/15/images/dlicon.png?rev=47">
              <Query>
                <GroupBy Collapse="FALSE">
                  <FieldRef Name="FormCategory" />
                </GroupBy>
                <OrderBy>
                  <FieldRef Name="FormName" />
                </OrderBy>
                <Where>
                  <Neq>
                    <FieldRef Name="ShowInCatalog" />
                    <Value Type="Boolean">0</Value>
                  </Neq>
                </Where>
              </Query>
              <ViewFields>
                <FieldRef Name="DocIcon" />
                <FieldRef Name="LinkFilename" />
                <FieldRef Name="FormName" />
                <FieldRef Name="FormDescription" />
              </ViewFields>
              <RowLimit Paged="TRUE">30</RowLimit>
              <JSLink>clienttemplates.js</JSLink>
            </View>
          </pnp:Views>
          <pnp:FieldRefs>
            <pnp:FieldRef ID="cb19284a-cde7-4570-a980-1dab8bd74470" Name="_ExtendedDescription" DisplayName="Description" />
            <pnp:FieldRef ID="66b691cf-07a3-4ca6-ac6d-27fa969c8569" Name="FormName" DisplayName="Form Name" />
            <pnp:FieldRef ID="65572d4d-445a-43f1-9c77-3358222a2c93" Name="FormCategory" DisplayName="Form Category" />
            <pnp:FieldRef ID="94ad6f7c-09a1-42ca-974f-d24e080160c2" Name="FormVersion" DisplayName="Form Version" />
            <pnp:FieldRef ID="1a03fa74-8c63-40cc-bd06-73b580bd8744" Name="FormId" DisplayName="Form ID" />
            <pnp:FieldRef ID="96c27c9d-33f5-4f8e-893e-684014bc7090" Name="FormLocale" DisplayName="Form Locale" />
            <pnp:FieldRef ID="1fff255c-6c88-4a76-957b-ae24bf07b78c" Name="FormDescription" DisplayName="Form Description" />
            <pnp:FieldRef ID="4ef69ca4-4179-4d27-9e6c-f9544d45dfdc" Name="ShowInCatalog" DisplayName="Show in Catalog" />
            <pnp:FieldRef ID="1a03fa74-8c63-40cc-bd06-73b580bd8743" Name="LinkTemplateName" DisplayName="Form Name" />
            <pnp:FieldRef ID="d307dff3-340f-44a2-9f4b-fbfe1ba07459" Name="_CommentCount" DisplayName="Comment count" />
            <pnp:FieldRef ID="db8d9d6d-dc9a-4fbd-85f3-4a753bfdc58c" Name="_LikeCount" DisplayName="Like count" />
          </pnp:FieldRefs>
        </pnp:ListInstance>
        <pnp:ListInstance Title="Site Assets" Description="Use this library to store files which are included on pages within this site, such as images on Wiki pages." DocumentTemplate="{site}/SiteAssets/Forms/template.doc" TemplateType="101" Url="SiteAssets" EnableVersioning="true" MinorVersionLimit="0" MaxVersionLimit="500" DraftVersionVisibility="0" TemplateFeatureID="00bfea71-e717-4e80-aa17-d0c71b360101" EnableAttachments="false" DefaultDisplayFormUrl="{site}/SiteAssets/Forms/DispForm.aspx" DefaultEditFormUrl="{site}/SiteAssets/Forms/EditForm.aspx" DefaultNewFormUrl="{site}/SiteAssets/Forms/Upload.aspx" ImageUrl="/_layouts/15/images/itdl.png?rev=47" IrmExpire="false" IrmReject="false" IsApplicationList="true" ValidationFormula="" ValidationMessage="">
          <pnp:PropertyBagEntries>
            <pnp:PropertyBagEntry Key="IsAttachmentLibrary" Value="1" Overwrite="false" />
          </pnp:PropertyBagEntries>
          <pnp:ContentTypeBindings>
            <pnp:ContentTypeBinding ContentTypeID="0x0101" Default="true" />
            <pnp:ContentTypeBinding ContentTypeID="0x0120" />
          </pnp:ContentTypeBindings>
          <pnp:Views>
            <View Name="{D0C51064-1603-4CEF-B701-23BFAF9CA169}" DefaultView="TRUE" MobileView="TRUE" MobileDefaultView="TRUE" Type="HTML" DisplayName="All Documents" Url="{site}/SiteAssets/Forms/AllItems.aspx" Level="1" BaseViewID="1" ContentTypeID="0x" ImageUrl="/_layouts/15/images/dlicon.png?rev=47">
              <Query>
                <OrderBy>
                  <FieldRef Name="FileLeafRef" />
                </OrderBy>
              </Query>
              <ViewFields>
                <FieldRef Name="DocIcon" />
                <FieldRef Name="LinkFilename" />
                <FieldRef Name="Modified" />
                <FieldRef Name="Editor" />
              </ViewFields>
              <RowLimit Paged="TRUE">30</RowLimit>
              <JSLink>clienttemplates.js</JSLink>
            </View>
          </pnp:Views>
          <pnp:FieldRefs>
            <pnp:FieldRef ID="d307dff3-340f-44a2-9f4b-fbfe1ba07459" Name="_CommentCount" DisplayName="Comment count" />
            <pnp:FieldRef ID="db8d9d6d-dc9a-4fbd-85f3-4a753bfdc58c" Name="_LikeCount" DisplayName="Like count" />
            <pnp:FieldRef ID="cb19284a-cde7-4570-a980-1dab8bd74470" Name="_ExtendedDescription" DisplayName="Description" />
          </pnp:FieldRefs>
        </pnp:ListInstance>
        <pnp:ListInstance Title="Site Pages" Description="" DocumentTemplate="" TemplateType="119" Url="SitePages" EnableVersioning="true" EnableMinorVersions="true" MinorVersionLimit="0" MaxVersionLimit="0" DraftVersionVisibility="1" TemplateFeatureID="00bfea71-c796-4402-9f2f-0eb9a6e71b18" ContentTypesEnabled="true" EnableAttachments="false" EnableFolderCreation="false" DefaultDisplayFormUrl="{site}/SitePages/Forms/DispForm.aspx" DefaultEditFormUrl="{site}/SitePages/Forms/EditForm.aspx" DefaultNewFormUrl="{site}/SitePages/Forms/Upload.aspx" ImageUrl="/_layouts/15/images/itdl.png?rev=47" IrmExpire="false" IrmReject="false" IsApplicationList="true" ValidationFormula="" ValidationMessage="">
          <pnp:ContentTypeBindings>
            <pnp:ContentTypeBinding ContentTypeID="0x0101009D1CB255DA76424F860D91F20E6C4118" Default="true" />
            <pnp:ContentTypeBinding ContentTypeID="0x0120" />
            <pnp:ContentTypeBinding ContentTypeID="0x0101009D1CB255DA76424F860D91F20E6C4118002A50BFCFB7614729B56886FADA02339B" />
            <pnp:ContentTypeBinding ContentTypeID="0x010108" />
            <pnp:ContentTypeBinding ContentTypeID="0x01010901" />
          </pnp:ContentTypeBindings>
          <pnp:Views>
            <View Name="{D3EF5B76-0EE2-4F17-9573-A2EDDBDE68B1}" DefaultView="TRUE" MobileView="TRUE" MobileDefaultView="TRUE" Type="HTML" DisplayName="By Author" Url="{site}/SitePages/Forms/ByAuthor.aspx" Level="1" BaseViewID="4" ContentTypeID="0x" ToolbarTemplate="WikiLibraryViewToolBar" ImageUrl="/_layouts/15/images/dlicon.png?rev=47">
              <Query>
                <GroupBy Collapse="FALSE">
                  <FieldRef Name="Author" />
                </GroupBy>
                <OrderBy>
                  <FieldRef Name="Modified" />
                </OrderBy>
              </Query>
              <ViewFields>
                <FieldRef Name="DocIcon" />
                <FieldRef Name="LinkFilename" />
                <FieldRef Name="Editor" />
                <FieldRef Name="Modified" />
                <FieldRef Name="Created" />
              </ViewFields>
              <RowLimit Paged="TRUE">30</RowLimit>
              <JSLink>clienttemplates.js</JSLink>
            </View>
            <View Name="{13B9A7F1-0C6E-47D9-BC98-17A541343559}" Type="HTML" DisplayName="Recent Changes" Url="{site}/SitePages/Forms/RecentChanges.aspx" Level="1" BaseViewID="2" ContentTypeID="0x" ToolbarTemplate="WikiLibraryViewToolBar" ImageUrl="/_layouts/15/images/dlicon.png?rev=47">
              <Query>
                <OrderBy>
                  <FieldRef Name="Modified" Ascending="FALSE" />
                </OrderBy>
              </Query>
              <ViewFields>
                <FieldRef Name="DocIcon" />
                <FieldRef Name="LinkFilename" />
                <FieldRef Name="Editor" />
                <FieldRef Name="Modified" />
                <FieldRef Name="Author" />
                <FieldRef Name="Created" />
              </ViewFields>
              <RowLimit Paged="TRUE">30</RowLimit>
              <JSLink>clienttemplates.js</JSLink>
            </View>
            <View Name="{7CA21AE0-984A-402E-A770-13CDD0D53209}" Type="HTML" DisplayName="All Pages" Url="{site}/SitePages/Forms/AllPages.aspx" Level="1" BaseViewID="1" ContentTypeID="0x" ToolbarTemplate="WikiLibraryViewToolBar" ImageUrl="/_layouts/15/images/dlicon.png?rev=47">
              <Query>
                <OrderBy>
                  <FieldRef Name="Modified" Ascending="FALSE" />
                </OrderBy>
              </Query>
              <ViewFields>
                <FieldRef Name="DocIcon" />
                <FieldRef Name="LinkFilename" />
                <FieldRef Name="Editor" />
                <FieldRef Name="Modified" />
                <FieldRef Name="Author" />
                <FieldRef Name="Created" />
              </ViewFields>
              <RowLimit Paged="TRUE">30</RowLimit>
              <JSLink>clienttemplates.js</JSLink>
            </View>
            <View Name="{F4C17611-648E-4B59-93B9-68999C7E2E44}" Type="HTML" DisplayName="Created By Me" Url="{site}/SitePages/Forms/CreatedByMe.aspx" Level="1" BaseViewID="3" ContentTypeID="0x" ToolbarTemplate="WikiLibraryViewToolBar" ImageUrl="/_layouts/15/images/dlicon.png?rev=47">
              <Query>
                <Where>
                  <Eq>
                    <FieldRef Name="Author" />
                    <Value Type="Integer">
                      <UserID />
                    </Value>
                  </Eq>
                </Where>
                <OrderBy>
                  <FieldRef Name="FileLeafRef" />
                </OrderBy>
              </Query>
              <ViewFields>
                <FieldRef Name="DocIcon" />
                <FieldRef Name="LinkFilename" />
                <FieldRef Name="Editor" />
                <FieldRef Name="Modified" />
                <FieldRef Name="Author" />
                <FieldRef Name="Created" />
              </ViewFields>
              <RowLimit Paged="TRUE">30</RowLimit>
              <JSLink>clienttemplates.js</JSLink>
            </View>
            <View Name="{179D8009-FC9B-4952-B8EE-6DE2D2DB69F2}" Type="HTML" DisplayName="By Editor" Url="{site}/SitePages/Forms/ByEditor.aspx" Level="1" BaseViewID="5" ContentTypeID="0x" ToolbarTemplate="WikiLibraryViewToolBar" ImageUrl="/_layouts/15/images/dlicon.png?rev=47">
              <Query>
                <GroupBy Collapse="FALSE">
                  <FieldRef Name="Editor" />
                </GroupBy>
                <OrderBy>
                  <FieldRef Name="FileLeafRef" />
                </OrderBy>
              </Query>
              <ViewFields>
                <FieldRef Name="DocIcon" />
                <FieldRef Name="LinkFilename" />
                <FieldRef Name="Editor" />
                <FieldRef Name="Modified" />
                <FieldRef Name="Author" />
                <FieldRef Name="Created" />
              </ViewFields>
              <RowLimit Paged="TRUE">30</RowLimit>
              <JSLink>clienttemplates.js</JSLink>
            </View>
          </pnp:Views>
          <pnp:FieldRefs>
            <pnp:FieldRef ID="c33527b4-d920-4587-b791-45024d00068a" Name="WikiField" DisplayName="Wiki Content" />
            <pnp:FieldRef ID="4966388e-6e12-4bc6-8990-5b5b66153eae" Name="CanvasContent1" DisplayName="Authoring Canvas Content" />
            <pnp:FieldRef ID="5baf6db5-9d25-4738-b15e-db5789298e82" Name="BannerImageUrl" DisplayName="Banner Image URL" />
            <pnp:FieldRef ID="3f155110-a6a2-4d70-926c-94648101f0e8" Name="Description" DisplayName="Description" />
            <pnp:FieldRef ID="f5ad16a2-85be-46b2-b5f0-2bb8b4a5074a" Name="PromotedState" DisplayName="Promoted State" />
            <pnp:FieldRef ID="c84f8697-331e-457d-884a-c4fb8f30ea74" Name="FirstPublishedDate" DisplayName="First Published Date" />
            <pnp:FieldRef ID="261075db-0525-4fb8-a6ea-772014186599" Name="LayoutWebpartsContent" DisplayName="Page Layout Content" />
            <pnp:FieldRef ID="1a7348e7-1bb7-4a47-9790-088e7cb20b58" Name="_AuthorByline" DisplayName="Author Byline" />
            <pnp:FieldRef ID="d60d65ff-ff42-4044-a684-ac3f7a5e598c" Name="_TopicHeader" DisplayName="Topic header" />
            <pnp:FieldRef ID="9de685c5-fdf5-4319-b987-3edf55efb36f" Name="_SPSitePageFlags" DisplayName="Site Page Flags" />
            <pnp:FieldRef ID="9889a80f-c9ec-41d8-a359-ac5fb5c4cfa2" Name="_SPCallToAction" DisplayName="Call To Action" />
            <pnp:FieldRef ID="0e7b982f-698a-4d0c-aacb-f16906f66d30" Name="_OriginalSourceUrl" DisplayName="Original Source Url" />
            <pnp:FieldRef ID="36193413-dd5c-4096-8c1e-1b40098b9ba3" Name="_OriginalSourceSiteId" DisplayName="Original Source Site ID" />
            <pnp:FieldRef ID="3477a5bc-c605-4b2e-a7c1-8db8f13c017e" Name="_OriginalSourceWebId" DisplayName="Original Source Web ID" />
            <pnp:FieldRef ID="139da674-dbf6-439f-98e0-4eb05fa9a669" Name="_OriginalSourceListId" DisplayName="Original Source List ID" />
            <pnp:FieldRef ID="91e86a43-75f2-426f-80da-35edfb47d55d" Name="_OriginalSourceItemId" DisplayName="Original Source Item ID" />
          </pnp:FieldRefs>
        </pnp:ListInstance>
        <pnp:ListInstance Title="Style Library" Description="Use the style library to store style sheets, such as CSS or XSL files. The style sheets in this gallery can be used by this site or any of its subsites." DocumentTemplate="" TemplateType="101" Url="Style Library" EnableVersioning="true" MinorVersionLimit="0" MaxVersionLimit="500" DraftVersionVisibility="0" TemplateFeatureID="00bfea71-e717-4e80-aa17-d0c71b360101" EnableAttachments="false" DefaultDisplayFormUrl="{site}/Style Library/Forms/DispForm.aspx" DefaultEditFormUrl="{site}/Style Library/Forms/EditForm.aspx" DefaultNewFormUrl="{site}/Style Library/Forms/Upload.aspx" ImageUrl="/_layouts/15/images/itdl.png?rev=47" IrmExpire="false" IrmReject="false" IsApplicationList="false" ValidationFormula="" ValidationMessage="">
          <pnp:ContentTypeBindings>
            <pnp:ContentTypeBinding ContentTypeID="0x0101" Default="true" />
            <pnp:ContentTypeBinding ContentTypeID="0x0120" />
          </pnp:ContentTypeBindings>
          <pnp:Views>
            <View Name="{159DF47A-B340-4328-A062-C1A86610979C}" DefaultView="TRUE" MobileView="TRUE" MobileDefaultView="TRUE" Type="HTML" DisplayName="All Documents" Url="{site}/Style Library/Forms/AllItems.aspx" Level="1" BaseViewID="1" ContentTypeID="0x" ImageUrl="/_layouts/15/images/dlicon.png?rev=47">
              <Query>
                <OrderBy>
                  <FieldRef Name="FileLeafRef" />
                </OrderBy>
              </Query>
              <ViewFields>
                <FieldRef Name="DocIcon" />
                <FieldRef Name="LinkFilename" />
                <FieldRef Name="Modified" />
                <FieldRef Name="Editor" />
              </ViewFields>
              <RowLimit Paged="TRUE">30</RowLimit>
              <JSLink>clienttemplates.js</JSLink>
            </View>
          </pnp:Views>
          <pnp:FieldRefs>
            <pnp:FieldRef ID="d307dff3-340f-44a2-9f4b-fbfe1ba07459" Name="_CommentCount" DisplayName="Comment count" />
            <pnp:FieldRef ID="db8d9d6d-dc9a-4fbd-85f3-4a753bfdc58c" Name="_LikeCount" DisplayName="Like count" />
            <pnp:FieldRef ID="cb19284a-cde7-4570-a980-1dab8bd74470" Name="_ExtendedDescription" DisplayName="Description" />
          </pnp:FieldRefs>
        </pnp:ListInstance>
      </pnp:Lists>
      -->
      <pnp:Features>
        <pnp:WebFeatures>
          <pnp:Feature ID="5007df5b-1eea-49f8-9c02-5debc81ce3f2" />
        </pnp:WebFeatures>
      </pnp:Features>
      <pnp:Header Layout="Standard" ShowSiteTitle="false" ShowSiteNavigation="false" />
    </pnp:ProvisioningTemplate>
    <pnp:ProvisioningTemplate ID="TEMPLATE-D62BA590FAB9434091885211AB5FF517" Version="1" BaseSiteTemplate="STS#3" Scope="Web">
      <!--
      <pnp:WebSettings RequestAccessEmail="" NoCrawl="false" WelcomePage="SitePages/Home.aspx" SiteLogo="" AlternateCSS="" MasterPageUrl="{masterpagecatalog}/seattle.master" CustomMasterPageUrl="{masterpagecatalog}/seattle.master" CommentsOnSitePagesDisabled="false" QuickLaunchEnabled="true" MembersCanShare="true" SearchScope="DefaultScope" SearchBoxInNavBar="Inherit" />
      <pnp:SiteSettings AllowDesigner="true" AllowCreateDeclarativeWorkflow="true" AllowSaveDeclarativeWorkflowAsTemplate="true" AllowSavePublishDeclarativeWorkflow="true" SearchBoxInNavBar="Inherit" SearchCenterUrl="" />
      <pnp:RegionalSettings AdjustHijriDays="0" AlternateCalendarType="None" CalendarType="Gregorian" Collation="25" FirstDayOfWeek="Sunday" FirstWeekOfYear="0" LocaleId="1033" ShowWeeks="false" Time24="false" TimeZone="13" WorkDayEndHour="5:00PM" WorkDays="62" WorkDayStartHour="8:00AM" />
      -->
      <pnp:Security BreakRoleInheritance="true" CopyRoleAssignments="false" RemoveExistingUniqueRoleAssignments="true" AssociatedOwnerGroup="{parameter:SubWeb_TITLE} Owners" AssociatedMemberGroup="{parameter:SubWeb_TITLE} Members" AssociatedVisitorGroup="{parameter:SubWeb_TITLE} Visitors">
        <pnp:Permissions>
          <pnp:RoleAssignments>
            <pnp:RoleAssignment Principal="{parameter:SubWeb_TITLE} Owners" RoleDefinition="Full Control"/>
            <pnp:RoleAssignment Principal="{parameter:SubWeb_TITLE} Members" RoleDefinition="Edit"/>
            <pnp:RoleAssignment Principal="{parameter:SubWeb_TITLE} Visitors" RoleDefinition="Read"/>
          </pnp:RoleAssignments>
        </pnp:Permissions>
      
      </pnp:Security>
      <pnp:Navigation AddNewPagesToNavigation="false" CreateFriendlyUrlsForNewPages="false">
        <!--
        <pnp:GlobalNavigation NavigationType="Structural">
          <pnp:StructuralNavigation RemoveExistingNodes="false" />
        </pnp:GlobalNavigation>
        -->
        <pnp:CurrentNavigation NavigationType="StructuralLocal">
          <pnp:StructuralNavigation RemoveExistingNodes="false">
          <!--
            <pnp:NavigationNode Title="Home" Url="{site}" />
            <pnp:NavigationNode Title="Notebook" Url="{site}/_layouts/15/Doc.aspx?sourcedoc=%7B3d29e398-b914-4e10-a7dc-f38594f3d717%7D&amp;action=editnew" IsExternal="true" />
            <pnp:NavigationNode Title="Documents" Url="{site}/Shared Documents/Forms/AllItems.aspx" />
            <pnp:NavigationNode Title="Pages" Url="{site}/SitePages/Forms/ByAuthor.aspx" />
            <pnp:NavigationNode Title="Site contents" Url="{site}/_layouts/15/viewlsts.aspx" IsExternal="true" />
          -->
          </pnp:StructuralNavigation>
        </pnp:CurrentNavigation>
      </pnp:Navigation>
      <!--
      <pnp:Lists>
      
        <pnp:ListInstance Title="Documents" Description="" DocumentTemplate="{site}/Shared Documents/Forms/template.dotx" OnQuickLaunch="true" TemplateType="101" Url="Shared Documents" EnableVersioning="true" MinorVersionLimit="0" MaxVersionLimit="500" DraftVersionVisibility="0" TemplateFeatureID="00bfea71-e717-4e80-aa17-d0c71b360101" EnableAttachments="false" DefaultDisplayFormUrl="{site}/Shared Documents/Forms/DispForm.aspx" DefaultEditFormUrl="{site}/Shared Documents/Forms/EditForm.aspx" DefaultNewFormUrl="{site}/Shared Documents/Forms/Upload.aspx" ImageUrl="/_layouts/15/images/itdl.png?rev=47" IrmExpire="false" IrmReject="false" IsApplicationList="false" ValidationFormula="" ValidationMessage="">
          <pnp:ContentTypeBindings>
            <pnp:ContentTypeBinding ContentTypeID="0x0101" Default="true" />
            <pnp:ContentTypeBinding ContentTypeID="0x0120" />
          </pnp:ContentTypeBindings>
          <pnp:Views>
            <View Name="{2CF5E366-5DCC-4508-BAFE-BD6A0A58FEEE}" DefaultView="TRUE" MobileView="TRUE" MobileDefaultView="TRUE" Type="HTML" DisplayName="All Documents" Url="{site}/Shared Documents/Forms/AllItems.aspx" Level="1" BaseViewID="1" ContentTypeID="0x" ImageUrl="/_layouts/15/images/dlicon.png?rev=47">
              <Query>
                <OrderBy>
                  <FieldRef Name="FileLeafRef" />
                </OrderBy>
              </Query>
              <ViewFields>
                <FieldRef Name="DocIcon" />
                <FieldRef Name="LinkFilename" />
                <FieldRef Name="Modified" />
                <FieldRef Name="Editor" />
              </ViewFields>
              <RowLimit Paged="TRUE">30</RowLimit>
              <JSLink>clienttemplates.js</JSLink>
            </View>
          </pnp:Views>
          <pnp:FieldRefs>
            <pnp:FieldRef ID="d307dff3-340f-44a2-9f4b-fbfe1ba07459" Name="_CommentCount" DisplayName="Comment count" />
            <pnp:FieldRef ID="db8d9d6d-dc9a-4fbd-85f3-4a753bfdc58c" Name="_LikeCount" DisplayName="Like count" />
            <pnp:FieldRef ID="cb19284a-cde7-4570-a980-1dab8bd74470" Name="_ExtendedDescription" DisplayName="Description" />
          </pnp:FieldRefs>
        </pnp:ListInstance>
        <pnp:ListInstance Title="Site Assets" Description="Use this library to store files which are included on pages within this site, such as images on Wiki pages." DocumentTemplate="{site}/SiteAssets/Forms/template.doc" TemplateType="101" Url="SiteAssets" EnableVersioning="true" MinorVersionLimit="0" MaxVersionLimit="500" DraftVersionVisibility="0" TemplateFeatureID="00bfea71-e717-4e80-aa17-d0c71b360101" EnableAttachments="false" DefaultDisplayFormUrl="{site}/SiteAssets/Forms/DispForm.aspx" DefaultEditFormUrl="{site}/SiteAssets/Forms/EditForm.aspx" DefaultNewFormUrl="{site}/SiteAssets/Forms/Upload.aspx" ImageUrl="/_layouts/15/images/itdl.png?rev=47" IrmExpire="false" IrmReject="false" IsApplicationList="true" ValidationFormula="" ValidationMessage="">
          <pnp:PropertyBagEntries>
            <pnp:PropertyBagEntry Key="IsAttachmentLibrary" Value="1" Overwrite="false" />
          </pnp:PropertyBagEntries>
          <pnp:ContentTypeBindings>
            <pnp:ContentTypeBinding ContentTypeID="0x0101" Default="true" />
            <pnp:ContentTypeBinding ContentTypeID="0x0120" />
          </pnp:ContentTypeBindings>
          <pnp:Views>
            <View Name="{94DD2D33-6252-49D0-B62E-75500DFAC348}" DefaultView="TRUE" MobileView="TRUE" MobileDefaultView="TRUE" Type="HTML" DisplayName="All Documents" Url="{site}/SiteAssets/Forms/AllItems.aspx" Level="1" BaseViewID="1" ContentTypeID="0x" ImageUrl="/_layouts/15/images/dlicon.png?rev=47">
              <Query>
                <OrderBy>
                  <FieldRef Name="FileLeafRef" />
                </OrderBy>
              </Query>
              <ViewFields>
                <FieldRef Name="DocIcon" />
                <FieldRef Name="LinkFilename" />
                <FieldRef Name="Modified" />
                <FieldRef Name="Editor" />
              </ViewFields>
              <RowLimit Paged="TRUE">30</RowLimit>
              <JSLink>clienttemplates.js</JSLink>
            </View>
          </pnp:Views>
          <pnp:FieldRefs>
            <pnp:FieldRef ID="d307dff3-340f-44a2-9f4b-fbfe1ba07459" Name="_CommentCount" DisplayName="Comment count" />
            <pnp:FieldRef ID="db8d9d6d-dc9a-4fbd-85f3-4a753bfdc58c" Name="_LikeCount" DisplayName="Like count" />
            <pnp:FieldRef ID="cb19284a-cde7-4570-a980-1dab8bd74470" Name="_ExtendedDescription" DisplayName="Description" />
          </pnp:FieldRefs>
        </pnp:ListInstance>
        <pnp:ListInstance Title="Site Pages" Description="" DocumentTemplate="" TemplateType="119" Url="SitePages" EnableVersioning="true" EnableMinorVersions="true" MinorVersionLimit="0" MaxVersionLimit="0" DraftVersionVisibility="1" TemplateFeatureID="00bfea71-c796-4402-9f2f-0eb9a6e71b18" ContentTypesEnabled="true" EnableAttachments="false" EnableFolderCreation="false" DefaultDisplayFormUrl="{site}/SitePages/Forms/DispForm.aspx" DefaultEditFormUrl="{site}/SitePages/Forms/EditForm.aspx" DefaultNewFormUrl="{site}/SitePages/Forms/Upload.aspx" ImageUrl="/_layouts/15/images/itwp.png?rev=47" IrmExpire="false" IrmReject="false" IsApplicationList="true" ValidationFormula="" ValidationMessage="">
          <pnp:ContentTypeBindings>
            <pnp:ContentTypeBinding ContentTypeID="0x0101009D1CB255DA76424F860D91F20E6C4118" Default="true" />
            <pnp:ContentTypeBinding ContentTypeID="0x0120" />
            <pnp:ContentTypeBinding ContentTypeID="0x0101009D1CB255DA76424F860D91F20E6C4118002A50BFCFB7614729B56886FADA02339B" />
            <pnp:ContentTypeBinding ContentTypeID="0x010108" />
            <pnp:ContentTypeBinding ContentTypeID="0x01010901" />
          </pnp:ContentTypeBindings>
          <pnp:Views>
            <View Name="{07519F57-E85F-43A7-96BD-9592FC603FCC}" Type="HTML" DisplayName="All Pages" Url="{site}/SitePages/Forms/AllPages.aspx" Level="1" BaseViewID="1" ContentTypeID="0x" ToolbarTemplate="WikiLibraryViewToolBar" ImageUrl="/_layouts/15/images/dlicon.png?rev=47">
              <Query>
                <OrderBy>
                  <FieldRef Name="Modified" Ascending="FALSE" />
                </OrderBy>
              </Query>
              <ViewFields>
                <FieldRef Name="DocIcon" />
                <FieldRef Name="LinkFilename" />
                <FieldRef Name="Editor" />
                <FieldRef Name="Modified" />
                <FieldRef Name="Author" />
                <FieldRef Name="Created" />
              </ViewFields>
              <RowLimit Paged="TRUE">30</RowLimit>
              <JSLink>clienttemplates.js</JSLink>
            </View>
            <View Name="{DDCFEC83-92C0-4127-AE14-B1F42E2495A1}" Type="HTML" DisplayName="Recent Changes" Url="{site}/SitePages/Forms/RecentChanges.aspx" Level="1" BaseViewID="2" ContentTypeID="0x" ToolbarTemplate="WikiLibraryViewToolBar" ImageUrl="/_layouts/15/images/dlicon.png?rev=47">
              <Query>
                <OrderBy>
                  <FieldRef Name="Modified" Ascending="FALSE" />
                </OrderBy>
              </Query>
              <ViewFields>
                <FieldRef Name="DocIcon" />
                <FieldRef Name="LinkFilename" />
                <FieldRef Name="Editor" />
                <FieldRef Name="Modified" />
                <FieldRef Name="Author" />
                <FieldRef Name="Created" />
              </ViewFields>
              <RowLimit Paged="TRUE">30</RowLimit>
              <JSLink>clienttemplates.js</JSLink>
            </View>
            <View Name="{23B3A944-DFDB-42EB-BEAC-20EB717EA98C}" Type="HTML" DisplayName="Created By Me" Url="{site}/SitePages/Forms/CreatedByMe.aspx" Level="1" BaseViewID="3" ContentTypeID="0x" ToolbarTemplate="WikiLibraryViewToolBar" ImageUrl="/_layouts/15/images/dlicon.png?rev=47">
              <Query>
                <Where>
                  <Eq>
                    <FieldRef Name="Author" />
                    <Value Type="Integer">
                      <UserID />
                    </Value>
                  </Eq>
                </Where>
                <OrderBy>
                  <FieldRef Name="FileLeafRef" />
                </OrderBy>
              </Query>
              <ViewFields>
                <FieldRef Name="DocIcon" />
                <FieldRef Name="LinkFilename" />
                <FieldRef Name="Editor" />
                <FieldRef Name="Modified" />
                <FieldRef Name="Author" />
                <FieldRef Name="Created" />
              </ViewFields>
              <RowLimit Paged="TRUE">30</RowLimit>
              <JSLink>clienttemplates.js</JSLink>
            </View>
            <View Name="{D633801A-4618-485D-8819-9B887C9A22B2}" DefaultView="TRUE" MobileView="TRUE" MobileDefaultView="TRUE" Type="HTML" DisplayName="By Author" Url="{site}/SitePages/Forms/ByAuthor.aspx" Level="1" BaseViewID="4" ContentTypeID="0x" ToolbarTemplate="WikiLibraryViewToolBar" ImageUrl="/_layouts/15/images/dlicon.png?rev=47">
              <Query>
                <GroupBy Collapse="FALSE">
                  <FieldRef Name="Author" />
                </GroupBy>
                <OrderBy>
                  <FieldRef Name="Modified" />
                </OrderBy>
              </Query>
              <ViewFields>
                <FieldRef Name="DocIcon" />
                <FieldRef Name="LinkFilename" />
                <FieldRef Name="Editor" />
                <FieldRef Name="Modified" />
                <FieldRef Name="Created" />
              </ViewFields>
              <RowLimit Paged="TRUE">30</RowLimit>
              <JSLink>clienttemplates.js</JSLink>
            </View>
            <View Name="{AF4CB654-7BA9-443C-BEFB-19049C0B8F5D}" Type="HTML" DisplayName="By Editor" Url="{site}/SitePages/Forms/ByEditor.aspx" Level="1" BaseViewID="5" ContentTypeID="0x" ToolbarTemplate="WikiLibraryViewToolBar" ImageUrl="/_layouts/15/images/dlicon.png?rev=47">
              <Query>
                <GroupBy Collapse="FALSE">
                  <FieldRef Name="Editor" />
                </GroupBy>
                <OrderBy>
                  <FieldRef Name="FileLeafRef" />
                </OrderBy>
              </Query>
              <ViewFields>
                <FieldRef Name="DocIcon" />
                <FieldRef Name="LinkFilename" />
                <FieldRef Name="Editor" />
                <FieldRef Name="Modified" />
                <FieldRef Name="Author" />
                <FieldRef Name="Created" />
              </ViewFields>
              <RowLimit Paged="TRUE">30</RowLimit>
              <JSLink>clienttemplates.js</JSLink>
            </View>
          </pnp:Views>
          <pnp:FieldRefs>
            <pnp:FieldRef ID="c33527b4-d920-4587-b791-45024d00068a" Name="WikiField" DisplayName="Wiki Content" />
            <pnp:FieldRef ID="4966388e-6e12-4bc6-8990-5b5b66153eae" Name="CanvasContent1" DisplayName="Authoring Canvas Content" />
            <pnp:FieldRef ID="5baf6db5-9d25-4738-b15e-db5789298e82" Name="BannerImageUrl" DisplayName="Banner Image URL" />
            <pnp:FieldRef ID="3f155110-a6a2-4d70-926c-94648101f0e8" Name="Description" DisplayName="Description" />
            <pnp:FieldRef ID="f5ad16a2-85be-46b2-b5f0-2bb8b4a5074a" Name="PromotedState" DisplayName="Promoted State" />
            <pnp:FieldRef ID="c84f8697-331e-457d-884a-c4fb8f30ea74" Name="FirstPublishedDate" DisplayName="First Published Date" />
            <pnp:FieldRef ID="261075db-0525-4fb8-a6ea-772014186599" Name="LayoutWebpartsContent" DisplayName="Page Layout Content" />
            <pnp:FieldRef ID="1a7348e7-1bb7-4a47-9790-088e7cb20b58" Name="_AuthorByline" DisplayName="Author Byline" />
            <pnp:FieldRef ID="d60d65ff-ff42-4044-a684-ac3f7a5e598c" Name="_TopicHeader" DisplayName="Topic header" />
            <pnp:FieldRef ID="9de685c5-fdf5-4319-b987-3edf55efb36f" Name="_SPSitePageFlags" DisplayName="Site Page Flags" />
            <pnp:FieldRef ID="9889a80f-c9ec-41d8-a359-ac5fb5c4cfa2" Name="_SPCallToAction" DisplayName="Call To Action" />
            <pnp:FieldRef ID="0e7b982f-698a-4d0c-aacb-f16906f66d30" Name="_OriginalSourceUrl" DisplayName="Original Source Url" />
            <pnp:FieldRef ID="36193413-dd5c-4096-8c1e-1b40098b9ba3" Name="_OriginalSourceSiteId" DisplayName="Original Source Site ID" />
            <pnp:FieldRef ID="3477a5bc-c605-4b2e-a7c1-8db8f13c017e" Name="_OriginalSourceWebId" DisplayName="Original Source Web ID" />
            <pnp:FieldRef ID="139da674-dbf6-439f-98e0-4eb05fa9a669" Name="_OriginalSourceListId" DisplayName="Original Source List ID" />
            <pnp:FieldRef ID="91e86a43-75f2-426f-80da-35edfb47d55d" Name="_OriginalSourceItemId" DisplayName="Original Source Item ID" />
          </pnp:FieldRefs>
        </pnp:ListInstance>
      
      </pnp:Lists>
      -->
      <pnp:Features>
        <pnp:WebFeatures>
          <pnp:Feature ID="5007df5b-1eea-49f8-9c02-5debc81ce3f2" />
        </pnp:WebFeatures>
      </pnp:Features>
      <pnp:Header Layout="Standard" ShowSiteTitle="false" ShowSiteNavigation="false" />
    </pnp:ProvisioningTemplate>
    
  </pnp:Templates>
  <pnp:Sequence ID="TENANTSEQUENCE">
    <pnp:SiteCollections>
      <pnp:SiteCollection d4p1:type="pnp:TeamSiteNoGroup" Title="{parameter:SITECOLLECTION_82d48849c7454d86b6c17c4b6c4e8863_TITLE}" Description="" IsHubSite="false" Url="{parameter:SITECOLLECTION_82d48849c7454d86b6c17c4b6c4e8863_URL}" Owner="" TimeZoneId="13" Language="1033" Groupify="false" IsPublic="false" xmlns:d4p1="http://www.w3.org/2001/XMLSchema-instance">
        <pnp:Templates>
          <pnp:ProvisioningTemplateReference ID="TEMPLATE-82d48849c7454d86b6c17c4b6c4e8863" />
          <pnp:ProvisioningTemplateReference ID="TEMPLATE-SiteGroups" />
        </pnp:Templates>
        <pnp:Sites>
          <pnp:Site xmlns:xsi="http://www.w3.org/2001/XMLSchema-instance" xsi:type="pnp:TeamSubSiteNoGroup" Url="{parameter:SubWeb_URL}" Title="{parameter:SubWeb_TITLE}" Description="" TimeZoneId="8" QuickLaunchEnabled="true" UseSamePermissionsAsParentSite="false" >
            <pnp:Templates>
              <pnp:ProvisioningTemplateReference ID="TEMPLATE-D62BA590FAB9434091885211AB5FF517" />
            </pnp:Templates>
          </pnp:Site>
        </pnp:Sites>
      </pnp:SiteCollection>
    </pnp:SiteCollections>
  </pnp:Sequence>
</pnp:Provisioning>