<pnp:Provisioning xmlns:pnp="http://schemas.dev.office.com/PnP/2021/03/ProvisioningSchema" 
Author="Arul Britto Kumar Abraham" Generator="Human being" Version="1.0" Description="Home Site" 
DisplayName="The Perspective">
  <pnp:Sequence ID="sequence">
    <pnp:SiteCollections>
      <pnp:SiteCollection xmlns:xsi="http://www.w3.org/2001/XMLSchema-instance" 
      xsi:type="pnp:CommunicationSite" ProvisioningId="MAIN" 
         Title="ECM Document Center (Sandbox)" Description="" 
      Url="https://petronas.sharepoint.com/sites/ECM_Sandbox" 
      IsHubSite="false" 
      Owner="arul.britto@petronas.com">
       <!-- <pnp:Templates>
          <pnp:ProvisioningTemplateReference ID="MAIN-TEMPLATE"/>
        </pnp:Templates>
        -->
<pnp:Sites>
        <pnp:Site xsi:type="pnp:TeamSubSiteNoGroup"
                    ProvisioningId="SITE.01.02"
                    Url="Electrical"
                    Title="Electrical"
                    Description="Electrical for testing"
                    TimeZoneId="4"
                    Language="1033"
                    QuickLaunchEnabled="true"
                    UseSamePermissionsAsParentSite="false">
            <pnp:Templates>
              <pnp:ProvisioningTemplateReference ID="TEMPLATE-4C8F99A72F70444D965687458780D18B" />
            </pnp:Templates>
          </pnp:Site>
        </pnp:Sites>

      </pnp:SiteCollection>
    </pnp:SiteCollections>
  </pnp:Sequence>
  <pnp:Templates ID="SITE-TEMPLATES">
    <pnp:ProvisioningTemplate ID="MAIN-TEMPLATE" Version="1" BaseSiteTemplate="STS#3" Scope="RootSite">
       
    </pnp:ProvisioningTemplate>

    <pnp:ProvisioningTemplate ID="TEMPLATE-4C8F99A72F70444D965687458780D18B" Version="1" BaseSiteTemplate="STS#3" Scope="Web">
      <pnp:WebSettings RequestAccessEmail="arul.britto@petronas.com.my" NoCrawl="false" WelcomePage="SitePages/Home.aspx" SiteLogo="" AlternateCSS="" MasterPageUrl="{masterpagecatalog}/seattle.master" CustomMasterPageUrl="{masterpagecatalog}/seattle.master" CommentsOnSitePagesDisabled="false" QuickLaunchEnabled="true" ExcludeFromOfflineClient="true" MembersCanShare="true" SearchScope="DefaultScope" SearchBoxInNavBar="Inherit" />
      <pnp:SiteSettings AllowDesigner="true" AllowCreateDeclarativeWorkflow="true" AllowSaveDeclarativeWorkflowAsTemplate="true" AllowSavePublishDeclarativeWorkflow="true" SocialBarOnSitePagesDisabled="true" SearchBoxInNavBar="Inherit" SearchCenterUrl="" />
      <pnp:RegionalSettings AdjustHijriDays="0" AlternateCalendarType="None" CalendarType="Gregorian" Collation="25" FirstDayOfWeek="Sunday" FirstWeekOfYear="0" LocaleId="1033" ShowWeeks="false" Time24="false" TimeZone="21" WorkDayEndHour="5:00PM" WorkDays="62" WorkDayStartHour="8:00AM" />
      <pnp:PropertyBagEntries>
        <pnp:PropertyBagEntry Key="ThemePrimary" Value="#00A19C" Overwrite="false" Indexed="true" />
        <pnp:PropertyBagEntry Key="NoCrawl" Value="false" Overwrite="false" />
      </pnp:PropertyBagEntries>
      <pnp:Security AssociatedOwnerGroup="{groupsitetitle} Owners" AssociatedMemberGroup="{groupsitetitle} Members" AssociatedVisitorGroup="{groupsitetitle} Visitors">
        <pnp:AdditionalAdministrators>
          <pnp:User Name="i:0#.f|membership|arul.britto@petronas.com" />
          <pnp:User Name="i:0#.f|membership|betha.reddy@petronas.com" />
          <pnp:User Name="i:0#.f|membership|chongyong.chin@petronas.com" />
          <pnp:User Name="i:0#.f|membership|deepa.choudhary@petronas.com" />
          <pnp:User Name="i:0#.f|membership|doxuan.huy@petronas.com" />
          <pnp:User Name="i:0#.f|membership|goh.thianhock@petronas.com" />
          <pnp:User Name="i:0#.f|membership|jayaprashath.d@petronas.com" />
          <pnp:User Name="i:0#.f|membership|karan.bamotra@petronas.com" />
          <pnp:User Name="i:0#.f|membership|nguyenduc.nhuan@petronas.com" />
          <pnp:User Name="i:0#.f|membership|service.ecms@petronas.onmicrosoft.com" />
          <pnp:User Name="i:0#.f|membership|zharfan.mazli@petronas.com" />
          <pnp:User Name="i:0#.f|membership|zulfadli.alatip@petronas.com" />
        </pnp:AdditionalAdministrators>
        <pnp:AdditionalOwners>
          <pnp:User Name="i:0#.f|membership|arul.britto@petronas.com" />
          <pnp:User Name="i:0#.f|membership|chongyong.chin@petronas.com" />
          <pnp:User Name="i:0#.f|membership|goh.thianhock@petronas.com" />
        </pnp:AdditionalOwners>
        <pnp:AdditionalMembers>
          <pnp:User Name="i:0#.f|membership|arul.britto@petronas.com" />
        </pnp:AdditionalMembers>
        <pnp:Permissions />
      </pnp:Security>
      <pnp:Navigation AddNewPagesToNavigation="true" CreateFriendlyUrlsForNewPages="true">
        <pnp:GlobalNavigation NavigationType="Structural">
          <pnp:StructuralNavigation RemoveExistingNodes="false" />
        </pnp:GlobalNavigation>
        <pnp:CurrentNavigation NavigationType="StructuralLocal">
          <pnp:StructuralNavigation RemoveExistingNodes="false">
            <pnp:NavigationNode Title="Administrative" Url="{site}/Administrative/Forms/AllItems.aspx" />
            <pnp:NavigationNode Title="Correspondence" Url="{site}/Correspondence/Forms/AllItems.aspx" />
            <pnp:NavigationNode Title="Governance" Url="" IsExternal="true" />
            <pnp:NavigationNode Title="Management" Url="" IsExternal="true" />
            <pnp:NavigationNode Title="Reference" Url="" IsExternal="true" />
            <pnp:NavigationNode Title="Digital Assets" Url="" IsExternal="true" />
          </pnp:StructuralNavigation>
        </pnp:CurrentNavigation>
      </pnp:Navigation>
      <pnp:Lists>
        <pnp:ListInstance Title="Administrative" Description="" DocumentTemplate="{site}/Administrative/Forms/template.dotx" OnQuickLaunch="true" TemplateType="101" Url="Administrative" EnableVersioning="true" MinorVersionLimit="0" MaxVersionLimit="500" DraftVersionVisibility="0" TemplateFeatureID="00bfea71-e717-4e80-aa17-d0c71b360101" EnableAttachments="false" DefaultDisplayFormUrl="{site}/Administrative/Forms/DispForm.aspx" DefaultEditFormUrl="{site}/Administrative/Forms/EditForm.aspx" DefaultNewFormUrl="{site}/Administrative/Forms/Upload.aspx" ImageUrl="/_layouts/15/images/itdl.png?rev=47" IrmExpire="false" IrmReject="false" IsApplicationList="false" ValidationFormula="" ValidationMessage="">
          <pnp:ContentTypeBindings>
            <pnp:ContentTypeBinding ContentTypeID="0x010100790DFB78D8531E479B710DA00D706E1B01" Default="true" />
            <pnp:ContentTypeBinding ContentTypeID="0x0120" />
          </pnp:ContentTypeBindings>
          <pnp:Views>
            <View Name="{7B3D639D-3EEE-403E-850F-C53171D5B2CA}" DefaultView="TRUE" MobileView="TRUE" MobileDefaultView="TRUE" Type="HTML" DisplayName="All Documents" Url="{site}/Administrative/Forms/AllItems.aspx" Level="1" BaseViewID="1" ContentTypeID="0x" ImageUrl="/_layouts/15/images/dlicon.png?rev=47">
              <Query>
                <OrderBy>
                  <FieldRef Name="FileLeafRef" />
                </OrderBy>
              </Query>
              <ViewFields>
                <FieldRef Name="DocIcon" />
                <FieldRef Name="LinkFilename" />
                <FieldRef Name="Modified" />
                <FieldRef Name="Editor" />
                <FieldRef Name="Business_x0020_GTS" />
                <FieldRef Name="Security_x0020_Classification" />
                <FieldRef Name="Vital_x0020_Classification" />
              </ViewFields>
              <RowLimit Paged="TRUE">30</RowLimit>
              <JSLink>clienttemplates.js</JSLink>
            </View>
          </pnp:Views>
          <pnp:Fields>
            <Field ID="{585d452c-20a1-46f7-a0ef-3b6b035711db}" Type="Note" DisplayName="KeyPoints" Name="MediaServiceKeyPoints" Group="_Hidden" Hidden="FALSE" Sealed="TRUE" ReadOnly="TRUE" ShowInNewForm="FALSE" ShowInDisplayForm="FALSE" ShowInEditForm="FALSE" ShowInListSettings="FALSE" Viewable="FALSE" Json="FALSE" SourceID="{{listid:Administrative}}" StaticName="MediaServiceKeyPoints" ColName="ntext6" RowOrdinal="0" />
            <Field ID="{cb19284a-cde7-4570-a980-1dab8bd74470}" Type="Note" Name="_ExtendedDescription" DisplayName="Description" DisplaceOnUpgrade="TRUE" ShowInEditForm="FALSE" Indexed="FALSE" RichText="TRUE" RichTextMode="Compatible" CanToggleHidden="TRUE" SourceID="http://schemas.microsoft.com/sharepoint/v3" StaticName="_ExtendedDescription" ColName="ntext7" />
          </pnp:Fields>
          <pnp:FieldRefs>
            <pnp:FieldRef ID="c1f27732-f98f-4a41-87c8-91ad1034d070" Name="fa760b542f96496f9888a595ca0ae94d" Hidden="true" DisplayName="Business GTS_0" />
            <pnp:FieldRef ID="808744ce-9f1d-4dd0-a4a5-b484d39d96d2" Name="Security_x0020_Classification" DisplayName="Security Classification" />
            <pnp:FieldRef ID="bb034178-3aee-4d43-abd1-607f09c23c97" Name="Vital_x0020_Classification" DisplayName="Vital Classification" />
            <pnp:FieldRef ID="fa760b54-2f96-496f-9888-a595ca0ae94d" Name="Business_x0020_GTS" DisplayName="Business GTS" />
            <pnp:FieldRef ID="d307dff3-340f-44a2-9f4b-fbfe1ba07459" Name="_CommentCount" DisplayName="Comment count" />
            <pnp:FieldRef ID="db8d9d6d-dc9a-4fbd-85f3-4a753bfdc58c" Name="_LikeCount" DisplayName="Like count" />
          </pnp:FieldRefs>
        </pnp:ListInstance>
        <pnp:ListInstance Title="Correspondence" Description="" DocumentTemplate="{site}/Correspondence/Forms/template.dotx" OnQuickLaunch="true" TemplateType="101" Url="Correspondence" EnableVersioning="true" MinorVersionLimit="0" MaxVersionLimit="500" DraftVersionVisibility="0" TemplateFeatureID="00bfea71-e717-4e80-aa17-d0c71b360101" EnableAttachments="false" DefaultDisplayFormUrl="{site}/Correspondence/Forms/DispForm.aspx" DefaultEditFormUrl="{site}/Correspondence/Forms/EditForm.aspx" DefaultNewFormUrl="{site}/Correspondence/Forms/Upload.aspx" ImageUrl="/_layouts/15/images/itdl.png?rev=47" IrmExpire="false" IrmReject="false" IsApplicationList="false" ValidationFormula="" ValidationMessage="">
          <pnp:PropertyBagEntries>
            <pnp:PropertyBagEntry Key="IsAttachmentLibrary" Value="0" Overwrite="false" />
          </pnp:PropertyBagEntries>
          <pnp:ContentTypeBindings>
            <pnp:ContentTypeBinding ContentTypeID="0x010100790DFB78D8531E479B710DA00D706E1B01" Default="true" />
            <pnp:ContentTypeBinding ContentTypeID="0x0120" />
          </pnp:ContentTypeBindings>
          <pnp:Views>
            <View Name="{C7A15186-BE25-4508-935B-9188F2360BB9}" DefaultView="TRUE" MobileView="TRUE" MobileDefaultView="TRUE" Type="HTML" DisplayName="All Documents" Url="{site}/Correspondence/Forms/AllItems.aspx" Level="1" BaseViewID="1" ContentTypeID="0x" ImageUrl="/_layouts/15/images/dlicon.png?rev=47">
              <Query>
                <OrderBy>
                  <FieldRef Name="FileLeafRef" />
                </OrderBy>
              </Query>
              <ViewFields>
                <FieldRef Name="DocIcon" />
                <FieldRef Name="LinkFilename" />
                <FieldRef Name="Modified" />
                <FieldRef Name="Editor" />
                <FieldRef Name="Business_x0020_GTS" />
                <FieldRef Name="Security_x0020_Classification" />
                <FieldRef Name="Vital_x0020_Classification" />
                <FieldRef Name="CheckoutUser" />
              </ViewFields>
              <RowLimit Paged="TRUE">30</RowLimit>
              <Aggregations Value="On">
                <FieldRef Name="Modified" Type="COUNT" />
              </Aggregations>
              <JSLink>clienttemplates.js</JSLink>
              <NewDocumentTemplates>[{"templateId":"NewFolder","title":"Folder","visible":true},{"templateId":"NewDOC","title":"Word document","visible":true},{"templateId":"NewXSL","title":"Excel workbook","visible":true},{"templateId":"NewPPT","title":"PowerPoint presentation","visible":true},{"templateId":"NewONE","title":"OneNote notebook","visible":true},{"templateId":"NewXSLSurvey","title":"Excel survey","visible":true},{"templateId":"NewXSLForm","title":"Forms for Excel","visible":true},{"templateId":"NewVSDX","title":"Visio drawing","visible":true},{"contentTypeId":"{listcontenttypeid:Correspondence,0x010100790DFB78D8531E479B710DA00D706E1B01}","isUpload":true,"templateId":"Testing Document 03","title":"Testing Document 03","url":"{site}/Correspondence/Forms/Testing Document 03.docx","visible":true},{"contentTypeId":"{listcontenttypeid:Correspondence,0x010100790DFB78D8531E479B710DA00D706E1B01}","isUpload":true,"templateId":"Testing Template","title":"Testing Template","url":"{site}/Correspondence/Forms/Testing Template.docx","visible":true}]</NewDocumentTemplates>
              <ViewData />
            </View>
          </pnp:Views>
          <pnp:Fields>
            <Field ID="{cb19284a-cde7-4570-a980-1dab8bd74470}" Type="Note" Name="_ExtendedDescription" DisplayName="Description" DisplaceOnUpgrade="TRUE" ShowInEditForm="FALSE" Indexed="FALSE" RichText="TRUE" RichTextMode="Compatible" CanToggleHidden="TRUE" SourceID="http://schemas.microsoft.com/sharepoint/v3" StaticName="_ExtendedDescription" ColName="ntext6" />
            <Field ID="{585d452c-20a1-46f7-a0ef-3b6b035711db}" Type="Note" DisplayName="KeyPoints" Name="MediaServiceKeyPoints" Group="_Hidden" Hidden="FALSE" Sealed="TRUE" ReadOnly="TRUE" ShowInNewForm="FALSE" ShowInDisplayForm="FALSE" ShowInEditForm="FALSE" ShowInListSettings="FALSE" Viewable="FALSE" Json="FALSE" SourceID="{{listid:Correspondence}}" StaticName="MediaServiceKeyPoints" ColName="ntext7" RowOrdinal="0" />
            <Field ID="{d1cff744-ba61-4189-94d6-97d0a9eb4f6a}" Type="Text" DisplayName="Tags" Name="MediaServiceAutoTags" Group="_Hidden" Hidden="FALSE" Sealed="TRUE" ReadOnly="TRUE" ShowInNewForm="FALSE" ShowInDisplayForm="FALSE" ShowInEditForm="FALSE" ShowInListSettings="FALSE" Viewable="FALSE" Json="FALSE" SourceID="{{listid:Correspondence}}" StaticName="MediaServiceAutoTags" ColName="nvarchar16" RowOrdinal="0" />
            <Field ID="{67aff0cf-8e19-43f2-9987-be89075e1467}" Type="Note" DisplayName="Extracted Text" Name="MediaServiceOCR" Group="_Hidden" Hidden="FALSE" Sealed="TRUE" ReadOnly="TRUE" ShowInNewForm="FALSE" ShowInDisplayForm="FALSE" ShowInEditForm="FALSE" ShowInListSettings="FALSE" Viewable="FALSE" Json="FALSE" SourceID="{{listid:Correspondence}}" StaticName="MediaServiceOCR" ColName="ntext8" RowOrdinal="0" />
          </pnp:Fields>
          <pnp:FieldRefs>
            <pnp:FieldRef ID="c1f27732-f98f-4a41-87c8-91ad1034d070" Name="fa760b542f96496f9888a595ca0ae94d" Hidden="true" DisplayName="Business GTS_0" />
            <pnp:FieldRef ID="808744ce-9f1d-4dd0-a4a5-b484d39d96d2" Name="Security_x0020_Classification" DisplayName="Security Classification" />
            <pnp:FieldRef ID="bb034178-3aee-4d43-abd1-607f09c23c97" Name="Vital_x0020_Classification" DisplayName="Vital Classification" />
            <pnp:FieldRef ID="fa760b54-2f96-496f-9888-a595ca0ae94d" Name="Business_x0020_GTS" DisplayName="Business GTS" />
            <pnp:FieldRef ID="d307dff3-340f-44a2-9f4b-fbfe1ba07459" Name="_CommentCount" DisplayName="Comment count" />
            <pnp:FieldRef ID="db8d9d6d-dc9a-4fbd-85f3-4a753bfdc58c" Name="_LikeCount" DisplayName="Like count" />
          </pnp:FieldRefs>
        </pnp:ListInstance>
        <pnp:ListInstance Title="Documents" Description="" DocumentTemplate="{site}/Shared Documents/Forms/template.dotx" TemplateType="101" Url="Shared Documents" EnableVersioning="true" MinorVersionLimit="0" MaxVersionLimit="500" DraftVersionVisibility="0" TemplateFeatureID="00bfea71-e717-4e80-aa17-d0c71b360101" ContentTypesEnabled="true" EnableAttachments="false" DefaultDisplayFormUrl="{site}/Shared Documents/Forms/DispForm.aspx" DefaultEditFormUrl="{site}/Shared Documents/Forms/EditForm.aspx" DefaultNewFormUrl="{site}/Shared Documents/Forms/Upload.aspx" ImageUrl="/_layouts/15/images/itdl.png?rev=47" IrmExpire="false" IrmReject="false" IsApplicationList="false" ValidationFormula="" ValidationMessage="">
          <pnp:PropertyBagEntries>
            <pnp:PropertyBagEntry Key="PowerAppFormProperties" Value="{&quot;AppId&quot;:&quot;5bb9221b-40e4-4a7a-a56c-a3a71e091181&quot;,&quot;AppRenderInfo&quot;:{&quot;PrimaryDeviceWidth&quot;:null,&quot;PrimaryDeviceHeight&quot;:null,&quot;BackgroundColor&quot;:null},&quot;AdditionalData&quot;:null,&quot;ContentTypeStates&quot;:{&quot;0x0101007172B76F851EB84BB15F81DD8B67CCA2&quot;:1},&quot;CacheInfo&quot;:{&quot;CachedFileUrlTemplate&quot;:null,&quot;Timestamp&quot;:null,&quot;AppFiles&quot;:null,&quot;ContentTag&quot;:0},&quot;Version&quot;:1}" Overwrite="false" />
            <pnp:PropertyBagEntry Key="IsAttachmentLibrary" Value="0" Overwrite="false" />
          </pnp:PropertyBagEntries>
          <pnp:ContentTypeBindings>
            <pnp:ContentTypeBinding ContentTypeID="0x0101" Default="true" />
            <pnp:ContentTypeBinding ContentTypeID="0x0120" />
          </pnp:ContentTypeBindings>
          <pnp:Views>
            <View Name="{EC438C13-8761-4199-9CD9-E31CBC1A30A3}" DefaultView="TRUE" MobileView="TRUE" MobileDefaultView="TRUE" Type="HTML" DisplayName="All Documents" Url="{site}/Shared Documents/Forms/AllItems.aspx" Level="1" BaseViewID="1" ContentTypeID="0x" ImageUrl="/_layouts/15/images/dlicon.png?rev=47">
              <Query>
                <OrderBy>
                  <FieldRef Name="FileLeafRef" />
                </OrderBy>
              </Query>
              <ViewFields>
                <FieldRef Name="DocIcon" />
                <FieldRef Name="LinkFilename" />
                <FieldRef Name="Modified" />
                <FieldRef Name="Editor" />
                <FieldRef Name="Security_x0020_Classification" />
                <FieldRef Name="Business_x0020_Owner" />
              </ViewFields>
              <RowLimit Paged="TRUE">30</RowLimit>
              <JSLink>clienttemplates.js</JSLink>
            </View>
          </pnp:Views>
          <pnp:Fields>
            <Field Type="Note" DisplayName="Business Owner_0" StaticName="haa427255eab46d39fe61cf2abcff0cd" Name="haa427255eab46d39fe61cf2abcff0cd" ID="{28e28cc9-8b99-453f-8c47-4f0452e93610}" ShowInViewForms="FALSE" Required="FALSE" Hidden="TRUE" CanToggleHidden="TRUE" ColName="ntext2" RowOrdinal="0" />
            <Field Type="TaxonomyFieldType" DisplayName="Business Owner" List="{listid:TaxonomyHiddenList}" WebId="680b8ef4-d25e-45d9-aee9-1da24f859d52" ShowField="Term1033" Required="TRUE" EnforceUniqueValues="FALSE" ID="{1aa42725-5eab-46d3-9fe6-1cf2abcff0cd}" SourceID="{{listid:Documents}}" StaticName="Business_x0020_Owner" Name="Business_x0020_Owner" ColName="int1" RowOrdinal="0" Version="2" Group="">
              <Default />
              <Customization>
                <ArrayOfProperty>
                  <Property>
                    <Name>SspId</Name>
                    <Value xmlns:q1="http://www.w3.org/2001/XMLSchema" p4:type="q1:string" xmlns:p4="http://www.w3.org/2001/XMLSchema-instance">{sitecollectiontermstoreid}</Value>
                  </Property>
                  <Property>
                    <Name>GroupId</Name>
                  </Property>
                  <Property>
                    <Name>TermSetId</Name>
                    <Value xmlns:q2="http://www.w3.org/2001/XMLSchema" p4:type="q2:string" xmlns:p4="http://www.w3.org/2001/XMLSchema-instance">c2b538ab-7fc5-4ec1-80a1-670267c4dfba</Value>
                  </Property>
                  <Property>
                    <Name>AnchorId</Name>
                    <Value xmlns:q3="http://www.w3.org/2001/XMLSchema" p4:type="q3:string" xmlns:p4="http://www.w3.org/2001/XMLSchema-instance">00000000-0000-0000-0000-000000000000</Value>
                  </Property>
                  <Property>
                    <Name>UserCreated</Name>
                    <Value xmlns:q4="http://www.w3.org/2001/XMLSchema" p4:type="q4:boolean" xmlns:p4="http://www.w3.org/2001/XMLSchema-instance">false</Value>
                  </Property>
                  <Property>
                    <Name>Open</Name>
                    <Value xmlns:q5="http://www.w3.org/2001/XMLSchema" p4:type="q5:boolean" xmlns:p4="http://www.w3.org/2001/XMLSchema-instance">false</Value>
                  </Property>
                  <Property>
                    <Name>TextField</Name>
                    <Value xmlns:q6="http://www.w3.org/2001/XMLSchema" p4:type="q6:string" xmlns:p4="http://www.w3.org/2001/XMLSchema-instance">{28e28cc9-8b99-453f-8c47-4f0452e93610}</Value>
                  </Property>
                  <Property>
                    <Name>IsPathRendered</Name>
                    <Value xmlns:q7="http://www.w3.org/2001/XMLSchema" p4:type="q7:boolean" xmlns:p4="http://www.w3.org/2001/XMLSchema-instance">false</Value>
                  </Property>
                  <Property>
                    <Name>IsKeyword</Name>
                    <Value xmlns:q8="http://www.w3.org/2001/XMLSchema" p4:type="q8:boolean" xmlns:p4="http://www.w3.org/2001/XMLSchema-instance">false</Value>
                  </Property>
                  <Property>
                    <Name>TargetTemplate</Name>
                  </Property>
                  <Property>
                    <Name>CreateValuesInEditForm</Name>
                    <Value xmlns:q9="http://www.w3.org/2001/XMLSchema" p4:type="q9:boolean" xmlns:p4="http://www.w3.org/2001/XMLSchema-instance">false</Value>
                  </Property>
                  <Property>
                    <Name>FilterAssemblyStrongName</Name>
                    <Value xmlns:q10="http://www.w3.org/2001/XMLSchema" p4:type="q10:string" xmlns:p4="http://www.w3.org/2001/XMLSchema-instance">Microsoft.SharePoint.Taxonomy, Version=16.0.0.0, Culture=neutral, PublicKeyToken=71e9bce111e9429c</Value>
                  </Property>
                  <Property>
                    <Name>FilterClassName</Name>
                    <Value xmlns:q11="http://www.w3.org/2001/XMLSchema" p4:type="q11:string" xmlns:p4="http://www.w3.org/2001/XMLSchema-instance">Microsoft.SharePoint.Taxonomy.TaxonomyField</Value>
                  </Property>
                  <Property>
                    <Name>FilterMethodName</Name>
                    <Value xmlns:q12="http://www.w3.org/2001/XMLSchema" p4:type="q12:string" xmlns:p4="http://www.w3.org/2001/XMLSchema-instance">GetFilteringHtml</Value>
                  </Property>
                  <Property>
                    <Name>FilterJavascriptProperty</Name>
                    <Value xmlns:q13="http://www.w3.org/2001/XMLSchema" p4:type="q13:string" xmlns:p4="http://www.w3.org/2001/XMLSchema-instance">FilteringJavascript</Value>
                  </Property>
                </ArrayOfProperty>
              </Customization>
            </Field>
            <Field ID="{cb19284a-cde7-4570-a980-1dab8bd74470}" Type="Note" Name="_ExtendedDescription" DisplayName="Description" DisplaceOnUpgrade="TRUE" ShowInEditForm="FALSE" Indexed="FALSE" RichText="TRUE" RichTextMode="Compatible" CanToggleHidden="TRUE" SourceID="http://schemas.microsoft.com/sharepoint/v3" StaticName="_ExtendedDescription" ColName="ntext3" />
          </pnp:Fields>
          <pnp:FieldRefs>
            <pnp:FieldRef ID="808744ce-9f1d-4dd0-a4a5-b484d39d96d2" Name="Security_x0020_Classification" Required="true" DisplayName="Security Classification" />
          </pnp:FieldRefs>
        </pnp:ListInstance>
        <pnp:ListInstance Title="Preservation Hold Library" Description="This library contains items that have been modified or deleted but must remain available due to eDiscovery holds. Items cannot be modified or removed." DocumentTemplate="" TemplateType="1310" Url="PreservationHoldLibrary" MinorVersionLimit="0" MaxVersionLimit="0" DraftVersionVisibility="0" TemplateFeatureID="bfc789aa-87ba-4d79-afc7-0c7e45dae01a" EnableAttachments="false" EnableFolderCreation="false" DefaultDisplayFormUrl="{site}/PreservationHoldLibrary/Forms/DispForm.aspx" DefaultEditFormUrl="{site}/PreservationHoldLibrary/Forms/EditForm.aspx" DefaultNewFormUrl="{site}/PreservationHoldLibrary/Forms/Upload.aspx" ImageUrl="/_layouts/15/images/itdl.png?rev=47" IrmExpire="false" IrmReject="false" IsApplicationList="false" ValidationFormula="" ValidationMessage="">
          <pnp:PropertyBagEntries>
            <pnp:PropertyBagEntry Key="UseListPolicy" Value="True" Overwrite="false" />
            <pnp:PropertyBagEntry Key="HasDirtyPolicy" Value="FALSE" Overwrite="false" />
            <pnp:PropertyBagEntry Key="dlc_listHasExpirationPolicy" Value="True" Overwrite="false" />
            <pnp:PropertyBagEntry Key="SystemUsesListPolicy" Value="True" Overwrite="false" />
          </pnp:PropertyBagEntries>
          <pnp:Views>
            <View Name="{A9680959-F991-4604-BF3D-EF52C0027BAA}" DefaultView="TRUE" MobileView="TRUE" MobileDefaultView="TRUE" Type="HTML" DisplayName="All Documents" Url="{site}/PreservationHoldLibrary/Forms/AllItems.aspx" Level="1" BaseViewID="1" ContentTypeID="0x" ImageUrl="/_layouts/15/images/rlibicon.png?rev=47">
              <Query>
                <OrderBy>
                  <FieldRef Name="FileLeafRef" />
                </OrderBy>
              </Query>
              <ViewFields>
                <FieldRef Name="DocIcon" />
                <FieldRef Name="LinkFilename" />
                <FieldRef Name="Modified" />
                <FieldRef Name="Editor" />
              </ViewFields>
              <RowLimit Paged="TRUE">30</RowLimit>
              <JSLink>clienttemplates.js</JSLink>
            </View>
          </pnp:Views>
          <pnp:Fields>
            <Field ID="{7e858731-10ca-458a-bb20-256c57303b83}" Name="PreservationVersion" DisplayName="Preservation Version Number" Type="Text" Required="FALSE" ShowInNewForm="FALSE" ShowInEditForm="FALSE" ColName="nvarchar8" StaticName="PreservationVersion" SourceID="{{listid:Preservation Hold Library}}" />
            <Field ID="{831c7e9f-a675-4756-b79e-f3575b0129be}" Indexed="TRUE" Name="PreservationOriginalURL" DisplayName="Preservation Original Location" Type="Text" Required="FALSE" ShowInNewForm="FALSE" ShowInEditForm="FALSE" ColName="nvarchar9" StaticName="PreservationOriginalURL" SourceID="{{listid:Preservation Hold Library}}" />
            <Field ID="{653e258d-c9ad-483b-ad21-11bcd7ea4ad1}" Name="PreservationOriginalListId" DisplayName="Preservation Original List Id" Type="Text" Required="FALSE" ShowInNewForm="FALSE" ShowInEditForm="FALSE" ColName="nvarchar10" StaticName="PreservationOriginalListId" SourceID="{{listid:Preservation Hold Library}}" />
            <Field ID="{cd1f9b84-3d34-4820-af84-8a46c1a6bf05}" Name="PreservationOriginalMetadata" DisplayName="Preservation Original Metadata" Type="Note" Required="FALSE" ShowInNewForm="FALSE" ShowInEditForm="FALSE" ColName="ntext2" StaticName="PreservationOriginalMetadata" SourceID="{{listid:Preservation Hold Library}}" />
            <Field ID="{8604127e-bce1-4d7e-b175-4be9e7831555}" Name="PreservationDatePreserved" DisplayName="Date Preserved" Type="DateTime" Required="FALSE" ShowInNewForm="FALSE" ShowInEditForm="FALSE" ColName="datetime1" StaticName="PreservationDatePreserved" SourceID="{{listid:Preservation Hold Library}}" />
            <Field ID="{585d452c-20a1-46f7-a0ef-3b6b035711db}" Type="Note" DisplayName="KeyPoints" Name="MediaServiceKeyPoints" Group="_Hidden" Hidden="FALSE" Sealed="TRUE" ReadOnly="TRUE" ShowInNewForm="FALSE" ShowInDisplayForm="FALSE" ShowInEditForm="FALSE" ShowInListSettings="FALSE" Viewable="FALSE" Json="FALSE" SourceID="{{listid:Preservation Hold Library}}" StaticName="MediaServiceKeyPoints" ColName="ntext6" RowOrdinal="0" />
          </pnp:Fields>
          <pnp:FieldRefs>
            <pnp:FieldRef ID="acd16fdf-052f-40f7-bb7e-564c269c9fbc" Name="_dlc_ExpireDate" DisplayName="Expiration Date" />
            <pnp:FieldRef ID="d307dff3-340f-44a2-9f4b-fbfe1ba07459" Name="_CommentCount" DisplayName="Comment count" />
            <pnp:FieldRef ID="db8d9d6d-dc9a-4fbd-85f3-4a753bfdc58c" Name="_LikeCount" DisplayName="Like count" />
          </pnp:FieldRefs>
        </pnp:ListInstance>
        <pnp:ListInstance Title="Site Assets" Description="Use this library to store files which are included on pages within this site, such as images on Wiki pages." DocumentTemplate="{site}/SiteAssets/Forms/template.doc" TemplateType="101" Url="SiteAssets" EnableVersioning="true" MinorVersionLimit="0" MaxVersionLimit="500" DraftVersionVisibility="0" TemplateFeatureID="00bfea71-e717-4e80-aa17-d0c71b360101" EnableAttachments="false" DefaultDisplayFormUrl="{site}/SiteAssets/Forms/DispForm.aspx" DefaultEditFormUrl="{site}/SiteAssets/Forms/EditForm.aspx" DefaultNewFormUrl="{site}/SiteAssets/Forms/Upload.aspx" ImageUrl="/_layouts/15/images/itdl.png?rev=47" IrmExpire="false" IrmReject="false" IsApplicationList="true" ValidationFormula="" ValidationMessage="">
          <pnp:PropertyBagEntries>
            <pnp:PropertyBagEntry Key="IsAttachmentLibrary" Value="1" Overwrite="false" />
          </pnp:PropertyBagEntries>
          <pnp:ContentTypeBindings>
            <pnp:ContentTypeBinding ContentTypeID="0x0101" Default="true" />
            <pnp:ContentTypeBinding ContentTypeID="0x0120" />
          </pnp:ContentTypeBindings>
          <pnp:Views>
            <View Name="{257D2F36-CEE5-4D5F-8C7E-66017C962830}" DefaultView="TRUE" MobileView="TRUE" MobileDefaultView="TRUE" Type="HTML" DisplayName="All Documents" Url="{site}/SiteAssets/Forms/AllItems.aspx" Level="1" BaseViewID="1" ContentTypeID="0x" ImageUrl="/_layouts/15/images/dlicon.png?rev=47">
              <Query>
                <OrderBy>
                  <FieldRef Name="FileLeafRef" />
                </OrderBy>
              </Query>
              <ViewFields>
                <FieldRef Name="DocIcon" />
                <FieldRef Name="LinkFilename" />
                <FieldRef Name="Modified" />
                <FieldRef Name="Editor" />
              </ViewFields>
              <RowLimit Paged="TRUE">30</RowLimit>
              <JSLink>clienttemplates.js</JSLink>
            </View>
          </pnp:Views>
          <pnp:Fields>
            <Field ID="{cb19284a-cde7-4570-a980-1dab8bd74470}" Type="Note" Name="_ExtendedDescription" DisplayName="Description" DisplaceOnUpgrade="TRUE" ShowInEditForm="FALSE" Indexed="FALSE" RichText="TRUE" RichTextMode="Compatible" CanToggleHidden="TRUE" SourceID="http://schemas.microsoft.com/sharepoint/v3" StaticName="_ExtendedDescription" ColName="ntext4" />
          </pnp:Fields>
          <pnp:FieldRefs>
            <pnp:FieldRef ID="d307dff3-340f-44a2-9f4b-fbfe1ba07459" Name="_CommentCount" DisplayName="Comment count" />
            <pnp:FieldRef ID="db8d9d6d-dc9a-4fbd-85f3-4a753bfdc58c" Name="_LikeCount" DisplayName="Like count" />
          </pnp:FieldRefs>
        </pnp:ListInstance>
        <pnp:ListInstance Title="Site Pages" Description="" DocumentTemplate="" TemplateType="119" Url="SitePages" EnableVersioning="true" EnableMinorVersions="true" MinorVersionLimit="0" MaxVersionLimit="0" DraftVersionVisibility="1" TemplateFeatureID="00bfea71-c796-4402-9f2f-0eb9a6e71b18" ContentTypesEnabled="true" EnableAttachments="false" EnableFolderCreation="false" DefaultDisplayFormUrl="{site}/SitePages/Forms/DispForm.aspx" DefaultEditFormUrl="{site}/SitePages/Forms/EditForm.aspx" DefaultNewFormUrl="{site}/SitePages/Forms/Upload.aspx" ImageUrl="/_layouts/15/images/itwp.png?rev=47" IrmExpire="false" IrmReject="false" IsApplicationList="true" ValidationFormula="" ValidationMessage="">
          <pnp:ContentTypeBindings>
            <pnp:ContentTypeBinding ContentTypeID="0x0101009D1CB255DA76424F860D91F20E6C4118" Default="true" />
            <pnp:ContentTypeBinding ContentTypeID="0x0120" />
            <pnp:ContentTypeBinding ContentTypeID="0x0101009D1CB255DA76424F860D91F20E6C4118002A50BFCFB7614729B56886FADA02339B" />
            <pnp:ContentTypeBinding ContentTypeID="0x010108" />
            <pnp:ContentTypeBinding ContentTypeID="0x01010901" />
          </pnp:ContentTypeBindings>
          <pnp:Views>
            <View Name="{1A3364F0-DBD7-47E0-9367-FF99EC6D0B1B}" Type="HTML" DisplayName="All Pages" Url="{site}/SitePages/Forms/AllPages.aspx" Level="1" BaseViewID="1" ContentTypeID="0x" ToolbarTemplate="WikiLibraryViewToolBar" ImageUrl="/_layouts/15/images/dlicon.png?rev=47">
              <Query>
                <OrderBy>
                  <FieldRef Name="Modified" Ascending="FALSE" />
                </OrderBy>
              </Query>
              <ViewFields>
                <FieldRef Name="DocIcon" />
                <FieldRef Name="LinkFilename" />
                <FieldRef Name="Editor" />
                <FieldRef Name="Modified" />
                <FieldRef Name="Author" />
                <FieldRef Name="Created" />
              </ViewFields>
              <RowLimit Paged="TRUE">30</RowLimit>
              <JSLink>clienttemplates.js</JSLink>
            </View>
            <View Name="{3BCA0D9F-6BD2-4D2B-A649-3D71E1D5EE67}" Type="HTML" DisplayName="Recent Changes" Url="{site}/SitePages/Forms/RecentChanges.aspx" Level="1" BaseViewID="2" ContentTypeID="0x" ToolbarTemplate="WikiLibraryViewToolBar" ImageUrl="/_layouts/15/images/dlicon.png?rev=47">
              <Query>
                <OrderBy>
                  <FieldRef Name="Modified" Ascending="FALSE" />
                </OrderBy>
              </Query>
              <ViewFields>
                <FieldRef Name="DocIcon" />
                <FieldRef Name="LinkFilename" />
                <FieldRef Name="Editor" />
                <FieldRef Name="Modified" />
                <FieldRef Name="Author" />
                <FieldRef Name="Created" />
              </ViewFields>
              <RowLimit Paged="TRUE">30</RowLimit>
              <JSLink>clienttemplates.js</JSLink>
            </View>
            <View Name="{0B23C9B7-7C3F-49E1-AD2D-3FC41C14CF00}" Type="HTML" DisplayName="Created By Me" Url="{site}/SitePages/Forms/CreatedByMe.aspx" Level="1" BaseViewID="3" ContentTypeID="0x" ToolbarTemplate="WikiLibraryViewToolBar" ImageUrl="/_layouts/15/images/dlicon.png?rev=47">
              <Query>
                <Where>
                  <Eq>
                    <FieldRef Name="Author" />
                    <Value Type="Integer">
                      <UserID />
                    </Value>
                  </Eq>
                </Where>
                <OrderBy>
                  <FieldRef Name="FileLeafRef" />
                </OrderBy>
              </Query>
              <ViewFields>
                <FieldRef Name="DocIcon" />
                <FieldRef Name="LinkFilename" />
                <FieldRef Name="Editor" />
                <FieldRef Name="Modified" />
                <FieldRef Name="Author" />
                <FieldRef Name="Created" />
              </ViewFields>
              <RowLimit Paged="TRUE">30</RowLimit>
              <JSLink>clienttemplates.js</JSLink>
            </View>
            <View Name="{2D758C5E-5B8E-409C-9603-79C63F956728}" DefaultView="TRUE" MobileView="TRUE" MobileDefaultView="TRUE" Type="HTML" DisplayName="By Author" Url="{site}/SitePages/Forms/ByAuthor.aspx" Level="1" BaseViewID="4" ContentTypeID="0x" ToolbarTemplate="WikiLibraryViewToolBar" ImageUrl="/_layouts/15/images/dlicon.png?rev=47">
              <Query>
                <GroupBy Collapse="FALSE">
                  <FieldRef Name="Author" />
                </GroupBy>
                <OrderBy>
                  <FieldRef Name="Modified" />
                </OrderBy>
              </Query>
              <ViewFields>
                <FieldRef Name="DocIcon" />
                <FieldRef Name="LinkFilename" />
                <FieldRef Name="Editor" />
                <FieldRef Name="Modified" />
                <FieldRef Name="Created" />
              </ViewFields>
              <RowLimit Paged="TRUE">30</RowLimit>
              <JSLink>clienttemplates.js</JSLink>
            </View>
            <View Name="{31514FFC-D032-4C09-A00D-929777105689}" Type="HTML" DisplayName="By Editor" Url="{site}/SitePages/Forms/ByEditor.aspx" Level="1" BaseViewID="5" ContentTypeID="0x" ToolbarTemplate="WikiLibraryViewToolBar" ImageUrl="/_layouts/15/images/dlicon.png?rev=47">
              <Query>
                <GroupBy Collapse="FALSE">
                  <FieldRef Name="Editor" />
                </GroupBy>
                <OrderBy>
                  <FieldRef Name="FileLeafRef" />
                </OrderBy>
              </Query>
              <ViewFields>
                <FieldRef Name="DocIcon" />
                <FieldRef Name="LinkFilename" />
                <FieldRef Name="Editor" />
                <FieldRef Name="Modified" />
                <FieldRef Name="Author" />
                <FieldRef Name="Created" />
              </ViewFields>
              <RowLimit Paged="TRUE">30</RowLimit>
              <JSLink>clienttemplates.js</JSLink>
            </View>
          </pnp:Views>
          <pnp:FieldRefs>
            <pnp:FieldRef ID="c33527b4-d920-4587-b791-45024d00068a" Name="WikiField" DisplayName="Wiki Content" />
            <pnp:FieldRef ID="4966388e-6e12-4bc6-8990-5b5b66153eae" Name="CanvasContent1" DisplayName="Authoring Canvas Content" />
            <pnp:FieldRef ID="5baf6db5-9d25-4738-b15e-db5789298e82" Name="BannerImageUrl" DisplayName="Banner Image URL" />
            <pnp:FieldRef ID="3f155110-a6a2-4d70-926c-94648101f0e8" Name="Description" DisplayName="Description" />
            <pnp:FieldRef ID="f5ad16a2-85be-46b2-b5f0-2bb8b4a5074a" Name="PromotedState" DisplayName="Promoted State" />
            <pnp:FieldRef ID="c84f8697-331e-457d-884a-c4fb8f30ea74" Name="FirstPublishedDate" DisplayName="First Published Date" />
            <pnp:FieldRef ID="261075db-0525-4fb8-a6ea-772014186599" Name="LayoutWebpartsContent" DisplayName="Page Layout Content" />
            <pnp:FieldRef ID="1a7348e7-1bb7-4a47-9790-088e7cb20b58" Name="_AuthorByline" DisplayName="Author Byline" />
            <pnp:FieldRef ID="d60d65ff-ff42-4044-a684-ac3f7a5e598c" Name="_TopicHeader" DisplayName="Topic header" />
            <pnp:FieldRef ID="9de685c5-fdf5-4319-b987-3edf55efb36f" Name="_SPSitePageFlags" DisplayName="Site Page Flags" />
            <pnp:FieldRef ID="0e7b982f-698a-4d0c-aacb-f16906f66d30" Name="_OriginalSourceUrl" DisplayName="Original Source Url" />
            <pnp:FieldRef ID="36193413-dd5c-4096-8c1e-1b40098b9ba3" Name="_OriginalSourceSiteId" DisplayName="Original Source Site ID" />
            <pnp:FieldRef ID="3477a5bc-c605-4b2e-a7c1-8db8f13c017e" Name="_OriginalSourceWebId" DisplayName="Original Source Web ID" />
            <pnp:FieldRef ID="139da674-dbf6-439f-98e0-4eb05fa9a669" Name="_OriginalSourceListId" DisplayName="Original Source List ID" />
            <pnp:FieldRef ID="91e86a43-75f2-426f-80da-35edfb47d55d" Name="_OriginalSourceItemId" DisplayName="Original Source Item ID" />
            <pnp:FieldRef ID="9889a80f-c9ec-41d8-a359-ac5fb5c4cfa2" Name="_SPCallToAction" DisplayName="Call To Action" />
          </pnp:FieldRefs>
        </pnp:ListInstance>
      </pnp:Lists>
      <pnp:Features>
        <pnp:WebFeatures>
          <pnp:Feature ID="5007df5b-1eea-49f8-9c02-5debc81ce3f2" />
          <pnp:Feature ID="a5375065-aeef-479d-a727-885375fab285" />
        </pnp:WebFeatures>
      </pnp:Features>
      <pnp:CustomActions>
        <pnp:WebCustomActions>
          <pnp:CustomAction Name="{65abd4e0-89ed-4a60-9f22-ed99915bce4d}" Location="ClientSideExtension.ListViewCommandSet.CommandBar" Title="Promote" Sequence="65536" Rights="" RegistrationId="101" RegistrationType="List" ClientSideComponentId="735e9a53-aab3-4ed5-95f7-a0a799ee48e2" ClientSideComponentProperties="{&quot;sampleTextOne&quot;:&quot;One item is selected in the list.&quot;, &quot;sampleTextTwo&quot;:&quot;This command is always visible.&quot;}" />
        </pnp:WebCustomActions>
      </pnp:CustomActions>
      <pnp:ClientSidePages>
        <pnp:ClientSidePage PromoteAsNewsArticle="false" PromoteAsTemplate="false" Overwrite="true" Layout="Home" EnableComments="false" Title="Home" ThumbnailUrl="" PageName="Home.aspx">
          <pnp:Header Type="Default" LayoutType="FullWidthImage" ShowTopicHeader="false" ShowPublishDate="false" TopicHeader="" AlternativeText="" Authors="" AuthorByLineId="-1" />
          <pnp:Sections>
            <pnp:Section Order="1" Type="OneColumn">
              <pnp:Controls>
                <pnp:CanvasControl WebPartType="Image" JsonControlData="{&quot;id&quot;: &quot;d1d91016-032f-456d-98a4-721247c305e8&quot;, &quot;instanceId&quot;: &quot;b94f8744-aaae-43c9-93b8-f35afad9bd94&quot;, &quot;title&quot;: &quot;Image&quot;, &quot;description&quot;: &quot;Add an image, picture or photo to your page including text overlays and ability to crop and resize images.&quot;, &quot;dataVersion&quot;: &quot;1.9&quot;, &quot;properties&quot;: {&quot;imageSourceType&quot;:2,&quot;captionText&quot;:&quot;&quot;,&quot;altText&quot;:&quot;&quot;,&quot;linkUrl&quot;:&quot;&quot;,&quot;overlayText&quot;:&quot;&quot;,&quot;fileName&quot;:&quot;&quot;,&quot;siteId&quot;:&quot;{sitecollectionid}&quot;,&quot;webId&quot;:&quot;{siteid}&quot;,&quot;listId&quot;:&quot;{listid:Site Assets}&quot;,&quot;uniqueId&quot;:&quot;9f915217-170a-443b-a17b-508d77d31d28&quot;,&quot;imgWidth&quot;:2048,&quot;imgHeight&quot;:1365,&quot;alignment&quot;:&quot;Left&quot;,&quot;resizeCoefficient&quot;:0.61864406779661019,&quot;resizeDesiredWidth&quot;:730,&quot;cropX&quot;:0,&quot;cropY&quot;:106,&quot;cropWidth&quot;:2048,&quot;cropHeight&quot;:1153,&quot;fixAspectRatio&quot;:true}, &quot;serverProcessedContent&quot;: {&quot;htmlStrings&quot;:{},&quot;searchablePlainTexts&quot;:{},&quot;imageSources&quot;:{&quot;imageSource&quot;:&quot;{site}/SiteAssets/SitePages/Engineering/89988-Colorful-ink-in-water.jpg&quot;},&quot;links&quot;:{},&quot;customMetadata&quot;:{&quot;imageSource&quot;:{&quot;siteId&quot;:&quot;{sitecollectionid}&quot;,&quot;webId&quot;:&quot;{siteid}&quot;,&quot;listId&quot;:&quot;{listid:Site Assets}&quot;,&quot;uniqueId&quot;:&quot;9f915217-170a-443b-a17b-508d77d31d28&quot;,&quot;width&quot;:2048,&quot;height&quot;:1365,&quot;cropX&quot;:0,&quot;cropY&quot;:106,&quot;cropWidth&quot;:2048,&quot;cropHeight&quot;:1153}}}, &quot;dynamicDataPaths&quot;: {}, &quot;dynamicDataValues&quot;: {}}" ControlId="d1d91016-032f-456d-98a4-721247c305e8" Order="1" Column="1" />
              </pnp:Controls>
            </pnp:Section>
          </pnp:Sections>
        </pnp:ClientSidePage>
      </pnp:ClientSidePages>
      <pnp:Header Layout="Standard" ShowSiteTitle="false" ShowSiteNavigation="false" />
    </pnp:ProvisioningTemplate>

  </pnp:Templates>
</pnp:Provisioning>