{
  "$schema": "https://developer.microsoft.com/json-schemas/spfx-build/package-solution.schema.json",
  "solution": {
    "name": "ECMS Promote Record",
    "id": "8fa3495c-36d5-46c3-b6ca-9f4bab7b3e80",
    "version": "1.0.0.15",
    "includeClientSideAssets": true,
    "skipFeatureDeployment": false,
    "isDomainIsolated": false,
    "developer": {
      "name": "",
      "websiteUrl": "",
      "privacyUrl": "",
      "termsOfUseUrl": "",
      "mpnId": ""
    },
    "features": [
      {
        "title": "Application Extension - ECMS Promote Record",
        "description": "Deploys a custom action with ClientSideComponentId association",
        "id": "a5375065-aeef-479d-a727-885375fab285",
        "version": "1.0.0.15",
        "assets": {
          "elementManifests": [
            "elements.xml",
            "ClientSideInstance.xml"
          ]
        }
      }
    ]
  },
  "paths": {
    "zippedPackage": "solution/ECMSPromoteRecord.sppkg"
  }
}
