srcSite,dstSite,SourceSiteList,DestinationSiteList,SourceFolder,DestinationFolder,TaskName,CopyResultPath
https://epecm.petronas.com.my/sites/MA/OA/,https://petronas.sharepoint.com/sites/ecm_sandbox2/,Administrative,Administrative,,/Demo_MA-OA,Administrative_MA-OA,.\Administrative_MA-OA.xlsx
https://epecm.petronas.com.my/sites/MA/OA/,https://petronas.sharepoint.com/sites/ecm_sandbox2/,Correspondence,Correspondence,,/Demo_MA-OA,Correspondence_MA-OA,.\Correspondence_MA-OA.xlsx
https://epecm.petronas.com.my/sites/MA/OA/,https://petronas.sharepoint.com/sites/ecm_sandbox2/,Governance,Governance,,/Demo_MA-OA,Governance With Record_MA-OA,.\Governance _MA-OA.xlsx
https://epecm.petronas.com.my/sites/MA/OA/,https://petronas.sharepoint.com/sites/ecm_sandbox2/,Management,Management,,/Demo_MA-OA,Management With Record_MA-OA,.\Management _MA-OA.xlsx
https://epecm.petronas.com.my/sites/MA/OA/,https://petronas.sharepoint.com/sites/ecm_sandbox2/,Reference,Reference,,/Demo_MA-OA,Reference With Record_MA-OA,.\Reference_MA-OA.xlsx
https://epecm.petronas.com.my/sites/MA/OA/,https://petronas.sharepoint.com/sites/ecm_sandbox2/,Digital Asset Library,Digital Assets,,/Demo_MA-OA,Sabah Digital Assets_MA-OA,.\Digital Assets_MA-OA.xlsx
