LibTitle,LibURL
Special Projects,SpecialProjects
Project Grizzly,ProjectGrizzly
SI,SI
STAR-ANG,STAR-ANG
STAR-ARG,STAR-ARG
STAR-AUS,STAR-AUS
STAR-AZO,STAR-AZO
STAR-BRU,STAR-BRU
STAR-BRZ,STAR-BRZ
STAR-CAN,STAR-CAN
STAR-CHAD,STAR-CHAD
STAR-GAM,STAR-GAM
STAR-GBN,STAR-GBN
STAR-INO,STAR-INO
STAR-IRE,STAR-IRE
STAR-IRQ,STAR-IRQ
STAR-MAO,STAR-MAO
STAR-MEX,STAR-MEX
STAR-MO,STAR-MO
STAR-OMN,STAR-OMN
STAR-SEN,STAR-SEN
STAR-SO,STAR-SO
STAR-SSO,STAR-SSO
STAR-SUR,STAR-SUR
STAR-TO,STAR-TO
STAR-US,STAR-US
STAR-VO,STAR-VO
