<?xml version="1.0"?>
<pnp:Provisioning xmlns:pnp="http://schemas.dev.office.com/PnP/2021/03/ProvisioningSchema">
  <pnp:Preferences Generator="PnP.Framework, Version=1.6.0.0, Culture=neutral, PublicKeyToken=null">
    <pnp:Parameters>
      
      <pnp:Parameter Key="SITECOLLECTION_URL">https://petronas.sharepoint.com/sites/ecm_sandbox2</pnp:Parameter>
      <pnp:Parameter Key="SITECOLLECTION_TITLE">ECM Sandbox2</pnp:Parameter>
     
      
    </pnp:Parameters>
  </pnp:Preferences>
  <pnp:Templates ID="CONTAINER-DUMMY-abf73ab9-f207-45a4-b9f2-d8a456d0ab6a">
  
    <pnp:ProvisioningTemplate ID="TEMPLATE-RootSiteNavigation" Version="0" Scope="RootSite" >
      <pnp:Navigation AddNewPagesToNavigation="false" CreateFriendlyUrlsForNewPages="false">
        
        <pnp:CurrentNavigation NavigationType="StructuralLocal">
          <pnp:StructuralNavigation RemoveExistingNodes="true">
            <pnp:NavigationNode Title="Administrative" Url="{site}/Administrative/Forms/AllItems.aspx" />
            <pnp:NavigationNode Title="Correspondence" Url="{site}/Correspondence/Forms/AllItems.aspx" />
            <pnp:NavigationNode Title="Governance" Url="{site}/Governance/Forms/AllItems.aspx" />
            <pnp:NavigationNode Title="Management" Url="{site}/Management/Forms/AllItems.aspx" />
            <pnp:NavigationNode Title="Reference" Url="{site}/Reference/Forms/AllItems.aspx" />
            
            <pnp:NavigationNode Title="Digital Assets" Url="{site}/Digital Assets/Forms/AllItems.aspx" />
            
          </pnp:StructuralNavigation>
        </pnp:CurrentNavigation>
      </pnp:Navigation>
      
    </pnp:ProvisioningTemplate>
    <pnp:ProvisioningTemplate ID="TEMPLATE-DocLib" Version="0" >
      
      <pnp:Lists>
     
        <pnp:ListInstance Title="Administrative" Description="" OnQuickLaunch="false" TemplateType="101" Url="Administrative" EnableVersioning="true" EnableMinorVersions="true"  MinorVersionLimit="500" MaxVersionLimit="500" DraftVersionVisibility="0" TemplateFeatureID="00bfea71-e717-4e80-aa17-d0c71b360101" ContentTypesEnabled="false" EnableAttachments="false"  IrmExpire="false" IrmReject="false" IsApplicationList="false" ValidationFormula="" ValidationMessage="">
          <pnp:PropertyBagEntries>
            <pnp:PropertyBagEntry Key="IsAttachmentLibrary" Value="0" Overwrite="false" />
          </pnp:PropertyBagEntries>
          <pnp:ContentTypeBindings>
            <pnp:ContentTypeBinding ContentTypeID="0x010100790DFB78D8531E479B710DA00D706E1B03"  Default="true"/>
             <pnp:ContentTypeBinding ContentTypeID="0x0101" Remove="true" />
             
            
            
            <pnp:ContentTypeBinding ContentTypeID="0x0120" />
          </pnp:ContentTypeBindings>
          <pnp:Views RemoveExistingViews="true" >
            <View Name="{BC5C653C-2966-42FA-B853-535D12DCA85A}" DefaultView="TRUE" MobileView="TRUE" MobileDefaultView="TRUE" Type="HTML" DisplayName="All Documents" Url="{site}/Administrative/Forms/AllItems.aspx" Level="1" BaseViewID="1" ContentTypeID="0x" ImageUrl="/_layouts/15/images/dlicon.png?rev=47">
              <Query>
                <OrderBy>
                  <FieldRef Name="FileLeafRef" />
                </OrderBy>
              </Query>
              <ViewFields>
                <FieldRef Name="DocIcon" />
                <FieldRef Name="LinkFilename" />
                <FieldRef Name="Modified" />
                <FieldRef Name="Editor" />
                
                <FieldRef Name="Discipline_x0020_Upstream" />
                
                <FieldRef Name="CheckoutUser" />
                <FieldRef Name="FileSizeDisplay" />
              </ViewFields>
              <RowLimit Paged="TRUE">30</RowLimit>
              <Aggregations Value="Off" />
              <JSLink>clienttemplates.js</JSLink>
              <NewDocumentTemplates>[{"templateId":"NewFolder","title":"Folder","visible":true},{"contentTypeId":"{listcontenttypeid:Administrative,0x010100790DFB78D8531E479B710DA00D706E1B03}","isContentType":true,"templateId":"{listcontenttypeid:Administrative,0x010100790DFB78D8531E479B710DA00D706E1B03}","title":"ECM Document","visible":false},{"templateId":"NewDOC","title":"Word document","visible":true},{"templateId":"NewXSL","title":"Excel workbook","visible":true},{"templateId":"NewPPT","title":"PowerPoint presentation","visible":true},{"templateId":"NewONE","title":"OneNote notebook","visible":true},{"templateId":"NewXSLSurvey","title":"Excel survey","visible":true},{"templateId":"NewXSLForm","title":"Forms for Excel","visible":true},{"templateId":"NewVSDX","title":"Visio drawing","visible":true}]</NewDocumentTemplates>
              
              <ViewData />
            </View>
          </pnp:Views>
          <pnp:FieldRefs>
            <pnp:FieldRef ID="000a426b-001e-4cf8-8d8b-9ee91ae30430" Name="b5d7f99304244d75a557fc4d363bdb4b" Hidden="true" DisplayName="Discipline Upstream_0" />
            <pnp:FieldRef ID="808744ce-9f1d-4dd0-a4a5-b484d39d96d2" Name="Security_x0020_Classification" DisplayName="Security Classification" />
            <pnp:FieldRef ID="bb034178-3aee-4d43-abd1-607f09c23c97" Name="Vital_x0020_Classification" DisplayName="Vital Classification" />
            <pnp:FieldRef ID="b5d7f993-0424-4d75-a557-fc4d363bdb4b" Name="Discipline_x0020_Upstream" DisplayName="Discipline Default" />
            
          </pnp:FieldRefs>
        </pnp:ListInstance>
        
        <pnp:ListInstance Title="Correspondence" Description="" OnQuickLaunch="false" TemplateType="101" Url="Correspondence" EnableVersioning="true" EnableMinorVersions="true"  MinorVersionLimit="500" MaxVersionLimit="500" DraftVersionVisibility="0" TemplateFeatureID="00bfea71-e717-4e80-aa17-d0c71b360101" ContentTypesEnabled="false" EnableAttachments="false"  IrmExpire="false" IrmReject="false" IsApplicationList="false" ValidationFormula="" ValidationMessage="">
          <pnp:PropertyBagEntries>
            <pnp:PropertyBagEntry Key="IsAttachmentLibrary" Value="0" Overwrite="false" />
          </pnp:PropertyBagEntries>
          <pnp:ContentTypeBindings>
            <pnp:ContentTypeBinding ContentTypeID="0x010100790DFB78D8531E479B710DA00D706E1B03" Default="true" />
            <pnp:ContentTypeBinding ContentTypeID="0x0101" Remove="true" />
            <pnp:ContentTypeBinding ContentTypeID="0x0120" />
          </pnp:ContentTypeBindings>
          <pnp:Views RemoveExistingViews="true" >
            <View Name="{BC5C653C-2966-42FA-B853-AD49B0618A25}" DefaultView="TRUE" MobileView="TRUE" MobileDefaultView="TRUE" Type="HTML" DisplayName="All Documents" Url="{site}/Correspondence/Forms/AllItems.aspx" Level="1" BaseViewID="1" ContentTypeID="0x" ImageUrl="/_layouts/15/images/dlicon.png?rev=47">
              <Query>
                <OrderBy>
                  <FieldRef Name="FileLeafRef" />
                </OrderBy>
              </Query>
              <ViewFields>
                <FieldRef Name="DocIcon" />
                <FieldRef Name="LinkFilename" />
                <FieldRef Name="Modified" />
                <FieldRef Name="Editor" />
                
                <FieldRef Name="Discipline_x0020_Upstream" />
                
                <FieldRef Name="CheckoutUser" />
                <FieldRef Name="FileSizeDisplay" />
              </ViewFields>
              <RowLimit Paged="TRUE">30</RowLimit>
              <Aggregations Value="Off" />
              <JSLink>clienttemplates.js</JSLink>
              <NewDocumentTemplates>[{"templateId":"NewFolder","title":"Folder","visible":true},{"contentTypeId":"{listcontenttypeid:Correspondence,0x010100790DFB78D8531E479B710DA00D706E1B03}","isContentType":true,"templateId":"{listcontenttypeid:Correspondence,0x010100790DFB78D8531E479B710DA00D706E1B03}","title":"ECM Document","visible":false},{"templateId":"NewDOC","title":"Word document","visible":true},{"templateId":"NewXSL","title":"Excel workbook","visible":true},{"templateId":"NewPPT","title":"PowerPoint presentation","visible":true},{"templateId":"NewONE","title":"OneNote notebook","visible":true},{"templateId":"NewXSLSurvey","title":"Excel survey","visible":true},{"templateId":"NewXSLForm","title":"Forms for Excel","visible":true},{"templateId":"NewVSDX","title":"Visio drawing","visible":true}]</NewDocumentTemplates>
              
              <ViewData />
            </View>
          </pnp:Views>
          <pnp:FieldRefs>
            <pnp:FieldRef ID="000a426b-001e-4cf8-8d8b-9ee91ae30430" Name="b5d7f99304244d75a557fc4d363bdb4b" Hidden="true" DisplayName="Discipline Upstream_0" />
            <pnp:FieldRef ID="808744ce-9f1d-4dd0-a4a5-b484d39d96d2" Name="Security_x0020_Classification" DisplayName="Security Classification" />
            <pnp:FieldRef ID="bb034178-3aee-4d43-abd1-607f09c23c97" Name="Vital_x0020_Classification" DisplayName="Vital Classification" />
            <pnp:FieldRef ID="b5d7f993-0424-4d75-a557-fc4d363bdb4b" Name="Discipline_x0020_Upstream" DisplayName="Discipline Default" />
            
          </pnp:FieldRefs>
        </pnp:ListInstance>
         
        <pnp:ListInstance Title="Governance" Description="" OnQuickLaunch="false" TemplateType="101" Url="Governance" EnableVersioning="true" EnableMinorVersions="true"  MinorVersionLimit="500" MaxVersionLimit="500" DraftVersionVisibility="0" TemplateFeatureID="00bfea71-e717-4e80-aa17-d0c71b360101" ContentTypesEnabled="false" EnableAttachments="false"  IrmExpire="false" IrmReject="false" IsApplicationList="false" ValidationFormula="" ValidationMessage="">
          <pnp:PropertyBagEntries>
            <pnp:PropertyBagEntry Key="IsAttachmentLibrary" Value="0" Overwrite="false" />
          </pnp:PropertyBagEntries>
          <pnp:ContentTypeBindings>
            <pnp:ContentTypeBinding ContentTypeID="0x010100790DFB78D8531E479B710DA00D706E1B03"  Default="true"/>
            <pnp:ContentTypeBinding ContentTypeID="0x0101"  Remove="true"  />
            <pnp:ContentTypeBinding ContentTypeID="0x0120" />
          </pnp:ContentTypeBindings>
          <pnp:Views RemoveExistingViews="true" >
            <View Name="{BC5C653C-2966-42FA-B853-9ee91ae30430}" DefaultView="TRUE" MobileView="TRUE" MobileDefaultView="TRUE" Type="HTML" DisplayName="All Documents" Url="{site}/Governance/Forms/AllItems.aspx" Level="1" BaseViewID="1" ContentTypeID="0x" ImageUrl="/_layouts/15/images/dlicon.png?rev=47">
              <Query>
                <OrderBy>
                  <FieldRef Name="FileLeafRef" />
                </OrderBy>
              </Query>
              <ViewFields>
                <FieldRef Name="DocIcon" />
                <FieldRef Name="LinkFilename" />
                <FieldRef Name="Modified" />
                <FieldRef Name="Editor" />
                
                <FieldRef Name="Discipline_x0020_Upstream" />
                
                <FieldRef Name="CheckoutUser" />
                <FieldRef Name="FileSizeDisplay" />
              </ViewFields>
              <RowLimit Paged="TRUE">30</RowLimit>
              <Aggregations Value="Off" />
              <JSLink>clienttemplates.js</JSLink>
              
              <NewDocumentTemplates>[{"templateId":"NewFolder","title":"Folder","visible":true},{"contentTypeId":"{listcontenttypeid:Governance,0x010100790DFB78D8531E479B710DA00D706E1B03}","isContentType":true,"templateId":"{listcontenttypeid:Governance,0x010100790DFB78D8531E479B710DA00D706E1B03}","title":"ECM Document","visible":false},{"templateId":"NewDOC","title":"Word document","visible":true},{"templateId":"NewXSL","title":"Excel workbook","visible":true},{"templateId":"NewPPT","title":"PowerPoint presentation","visible":true},{"templateId":"NewONE","title":"OneNote notebook","visible":true},{"templateId":"NewXSLSurvey","title":"Excel survey","visible":true},{"templateId":"NewXSLForm","title":"Forms for Excel","visible":true},{"templateId":"NewVSDX","title":"Visio drawing","visible":true}]</NewDocumentTemplates>
               
              <ViewData />
            </View>
          </pnp:Views>
          
          <pnp:FieldRefs>
          
            <pnp:FieldRef ID="000a426b-001e-4cf8-8d8b-9ee91ae30430" Name="b5d7f99304244d75a557fc4d363bdb4b" Hidden="true" DisplayName="Discipline Upstream_0" />
            <pnp:FieldRef ID="808744ce-9f1d-4dd0-a4a5-b484d39d96d2" Name="Security_x0020_Classification" DisplayName="Security Classification" />
            <pnp:FieldRef ID="bb034178-3aee-4d43-abd1-607f09c23c97" Name="Vital_x0020_Classification" DisplayName="Vital Classification" />
            <pnp:FieldRef ID="b5d7f993-0424-4d75-a557-fc4d363bdb4b" Name="Discipline_x0020_Upstream" DisplayName="Discipline Default" />
          
          </pnp:FieldRefs>
            
        </pnp:ListInstance>
         
        <pnp:ListInstance Title="Management" Description="" OnQuickLaunch="false" TemplateType="101" Url="Management" EnableVersioning="true" EnableMinorVersions="true"  MinorVersionLimit="500" MaxVersionLimit="500" DraftVersionVisibility="0" TemplateFeatureID="00bfea71-e717-4e80-aa17-d0c71b360101" ContentTypesEnabled="false" EnableAttachments="false"  IrmExpire="false" IrmReject="false" IsApplicationList="false" ValidationFormula="" ValidationMessage="">
          <pnp:PropertyBagEntries>
            <pnp:PropertyBagEntry Key="IsAttachmentLibrary" Value="0" Overwrite="false" />
          </pnp:PropertyBagEntries>
          <pnp:ContentTypeBindings>
            <pnp:ContentTypeBinding ContentTypeID="0x010100790DFB78D8531E479B710DA00D706E1B03" Default="true" />
            <pnp:ContentTypeBinding ContentTypeID="0x0101" Remove="true" />
            <pnp:ContentTypeBinding ContentTypeID="0x0120" />
          </pnp:ContentTypeBindings>
          <pnp:Views RemoveExistingViews="true" >
            <View Name="{BC5C653C-2966-42FA-B853-0b67bba22923}" DefaultView="TRUE" MobileView="TRUE" MobileDefaultView="TRUE" Type="HTML" DisplayName="All Documents" Url="{site}/Management/Forms/AllItems.aspx" Level="1" BaseViewID="1" ContentTypeID="0x" ImageUrl="/_layouts/15/images/dlicon.png?rev=47">
              <Query>
                <OrderBy>
                  <FieldRef Name="FileLeafRef" />
                </OrderBy>
              </Query>
              <ViewFields>
                <FieldRef Name="DocIcon" />
                <FieldRef Name="LinkFilename" />
                <FieldRef Name="Modified" />
                <FieldRef Name="Editor" />
                
                <FieldRef Name="Discipline_x0020_Upstream" />
                
                <FieldRef Name="CheckoutUser" />
                <FieldRef Name="FileSizeDisplay" />
              </ViewFields>
              <RowLimit Paged="TRUE">30</RowLimit>
              <Aggregations Value="Off" />
              <JSLink>clienttemplates.js</JSLink>
              <NewDocumentTemplates>[{"templateId":"NewFolder","title":"Folder","visible":true},{"contentTypeId":"{listcontenttypeid:Management,0x010100790DFB78D8531E479B710DA00D706E1B03}","isContentType":true,"templateId":"{listcontenttypeid:Management,0x010100790DFB78D8531E479B710DA00D706E1B03}","title":"ECM Document","visible":false},{"templateId":"NewDOC","title":"Word document","visible":true},{"templateId":"NewXSL","title":"Excel workbook","visible":true},{"templateId":"NewPPT","title":"PowerPoint presentation","visible":true},{"templateId":"NewONE","title":"OneNote notebook","visible":true},{"templateId":"NewXSLSurvey","title":"Excel survey","visible":true},{"templateId":"NewXSLForm","title":"Forms for Excel","visible":true},{"templateId":"NewVSDX","title":"Visio drawing","visible":true}]</NewDocumentTemplates>
              
              <ViewData />
            </View>
          </pnp:Views>
          <pnp:FieldRefs>
            <pnp:FieldRef ID="000a426b-001e-4cf8-8d8b-9ee91ae30430" Name="b5d7f99304244d75a557fc4d363bdb4b" Hidden="true" DisplayName="Discipline Upstream_0" />
            <pnp:FieldRef ID="808744ce-9f1d-4dd0-a4a5-b484d39d96d2" Name="Security_x0020_Classification" DisplayName="Security Classification" />
            <pnp:FieldRef ID="bb034178-3aee-4d43-abd1-607f09c23c97" Name="Vital_x0020_Classification" DisplayName="Vital Classification" />
            <pnp:FieldRef ID="b5d7f993-0424-4d75-a557-fc4d363bdb4b" Name="Discipline_x0020_Upstream" DisplayName="Discipline Default" />
            
          </pnp:FieldRefs>
        </pnp:ListInstance>

        
        <pnp:ListInstance Title="Reference" Description="" OnQuickLaunch="false" TemplateType="101" Url="Reference" EnableVersioning="true" EnableMinorVersions="true"  MinorVersionLimit="500" MaxVersionLimit="500" DraftVersionVisibility="0" TemplateFeatureID="00bfea71-e717-4e80-aa17-d0c71b360101" ContentTypesEnabled="false" EnableAttachments="false"  IrmExpire="false" IrmReject="false" IsApplicationList="false" ValidationFormula="" ValidationMessage="">
          <pnp:PropertyBagEntries>
            <pnp:PropertyBagEntry Key="IsAttachmentLibrary" Value="0" Overwrite="false" />
          </pnp:PropertyBagEntries>
          <pnp:ContentTypeBindings>
            <pnp:ContentTypeBinding ContentTypeID="0x010100790DFB78D8531E479B710DA00D706E1B03" Default="true" />
            <pnp:ContentTypeBinding ContentTypeID="0x0101" Remove="true" />
            <pnp:ContentTypeBinding ContentTypeID="0x0120" />
          </pnp:ContentTypeBindings>
          <pnp:Views RemoveExistingViews="true" >
            <View Name="{BC5C653C-2966-42FA-B853-607f09c23c97}" DefaultView="TRUE" MobileView="TRUE" MobileDefaultView="TRUE" Type="HTML" DisplayName="All Documents" Url="{site}/Reference/Forms/AllItems.aspx" Level="1" BaseViewID="1" ContentTypeID="0x" ImageUrl="/_layouts/15/images/dlicon.png?rev=47">
              <Query>
                <OrderBy>
                  <FieldRef Name="FileLeafRef" />
                </OrderBy>
              </Query>
              <ViewFields>
                <FieldRef Name="DocIcon" />
                <FieldRef Name="LinkFilename" />
                <FieldRef Name="Modified" />
                <FieldRef Name="Editor" />
                
                <FieldRef Name="Discipline_x0020_Upstream" />
                
                <FieldRef Name="CheckoutUser" />
                <FieldRef Name="FileSizeDisplay" />
              </ViewFields>
              <RowLimit Paged="TRUE">30</RowLimit>
              <Aggregations Value="Off" />
              <JSLink>clienttemplates.js</JSLink>
              <NewDocumentTemplates>[{"templateId":"NewFolder","title":"Folder","visible":true},{"contentTypeId":"{listcontenttypeid:Reference,0x010100790DFB78D8531E479B710DA00D706E1B03}","isContentType":true,"templateId":"{listcontenttypeid:Reference,0x010100790DFB78D8531E479B710DA00D706E1B03}","title":"ECM Document","visible":false},{"templateId":"NewDOC","title":"Word document","visible":true},{"templateId":"NewXSL","title":"Excel workbook","visible":true},{"templateId":"NewPPT","title":"PowerPoint presentation","visible":true},{"templateId":"NewONE","title":"OneNote notebook","visible":true},{"templateId":"NewXSLSurvey","title":"Excel survey","visible":true},{"templateId":"NewXSLForm","title":"Forms for Excel","visible":true},{"templateId":"NewVSDX","title":"Visio drawing","visible":true}]</NewDocumentTemplates>
              
              <ViewData />
            </View>
          </pnp:Views>
          <pnp:FieldRefs>
            <pnp:FieldRef ID="000a426b-001e-4cf8-8d8b-9ee91ae30430" Name="b5d7f99304244d75a557fc4d363bdb4b" Hidden="true" DisplayName="Discipline Upstream_0" />
            <pnp:FieldRef ID="808744ce-9f1d-4dd0-a4a5-b484d39d96d2" Name="Security_x0020_Classification" DisplayName="Security Classification" />
            <pnp:FieldRef ID="bb034178-3aee-4d43-abd1-607f09c23c97" Name="Vital_x0020_Classification" DisplayName="Vital Classification" />
            <pnp:FieldRef ID="b5d7f993-0424-4d75-a557-fc4d363bdb4b" Name="Discipline_x0020_Upstream" DisplayName="Discipline Default" />
            
          </pnp:FieldRefs>
        </pnp:ListInstance>

        <pnp:ListInstance Title="Digital Assets" Description="" OnQuickLaunch="false" TemplateType="101" Url="Digital Assets" EnableVersioning="true" EnableMinorVersions="true"  MinorVersionLimit="500" MaxVersionLimit="500" DraftVersionVisibility="0" TemplateFeatureID="00bfea71-e717-4e80-aa17-d0c71b360101" ContentTypesEnabled="false" EnableAttachments="false"  IrmExpire="false" IrmReject="false" IsApplicationList="false" ValidationFormula="" ValidationMessage="">
          <pnp:PropertyBagEntries>
            <pnp:PropertyBagEntry Key="IsAttachmentLibrary" Value="0" Overwrite="false" />
          </pnp:PropertyBagEntries>
          <pnp:ContentTypeBindings>
            <pnp:ContentTypeBinding ContentTypeID="0x010100790DFB78D8531E479B710DA00D706E1B03" Default="true" />
            <pnp:ContentTypeBinding ContentTypeID="0x0101" Remove="true" />
            <pnp:ContentTypeBinding ContentTypeID="0x0120" />
          </pnp:ContentTypeBindings>
          <pnp:Views RemoveExistingViews="true" >
            <View Name="{BC5C653C-2966-42FA-B853-fc4d363bdb4b}" DefaultView="TRUE" MobileView="TRUE" MobileDefaultView="TRUE" Type="HTML" DisplayName="All Documents" Url="{site}/Digital Assets/Forms/AllItems.aspx" Level="1" BaseViewID="1" ContentTypeID="0x" ImageUrl="/_layouts/15/images/dlicon.png?rev=47">
              <Query>
                <OrderBy>
                  <FieldRef Name="FileLeafRef" />
                </OrderBy>
              </Query>
              <ViewFields>
                <FieldRef Name="DocIcon" />
                <FieldRef Name="LinkFilename" />
                <FieldRef Name="Modified" />
                <FieldRef Name="Editor" />
                
                <FieldRef Name="Discipline_x0020_Upstream" />
                
                <FieldRef Name="CheckoutUser" />
                <FieldRef Name="FileSizeDisplay" />
              </ViewFields>
              <RowLimit Paged="TRUE">30</RowLimit>
              <Aggregations Value="Off" />
              <JSLink>clienttemplates.js</JSLink>
              <NewDocumentTemplates>[{"templateId":"NewFolder","title":"Folder","visible":true},{"contentTypeId":"{listcontenttypeid:Digital Assets,0x010100790DFB78D8531E479B710DA00D706E1B03}","isContentType":true,"templateId":"{listcontenttypeid:Digital Assets,0x010100790DFB78D8531E479B710DA00D706E1B03}","title":"ECM Document","visible":false},{"templateId":"NewDOC","title":"Word document","visible":true},{"templateId":"NewXSL","title":"Excel workbook","visible":true},{"templateId":"NewPPT","title":"PowerPoint presentation","visible":true},{"templateId":"NewONE","title":"OneNote notebook","visible":true},{"templateId":"NewXSLSurvey","title":"Excel survey","visible":true},{"templateId":"NewXSLForm","title":"Forms for Excel","visible":true},{"templateId":"NewVSDX","title":"Visio drawing","visible":true}]</NewDocumentTemplates>
              
              <ViewData />
            </View>
          </pnp:Views>
          <pnp:FieldRefs>
            <pnp:FieldRef ID="000a426b-001e-4cf8-8d8b-9ee91ae30430" Name="b5d7f99304244d75a557fc4d363bdb4b" Hidden="true" DisplayName="Discipline Upstream_0" />
            <pnp:FieldRef ID="808744ce-9f1d-4dd0-a4a5-b484d39d96d2" Name="Security_x0020_Classification" DisplayName="Security Classification" />
            <pnp:FieldRef ID="bb034178-3aee-4d43-abd1-607f09c23c97" Name="Vital_x0020_Classification" DisplayName="Vital Classification" />
            <pnp:FieldRef ID="b5d7f993-0424-4d75-a557-fc4d363bdb4b" Name="Discipline_x0020_Upstream" DisplayName="Discipline Default" />
            
          </pnp:FieldRefs>
        </pnp:ListInstance>
        
      </pnp:Lists>
    </pnp:ProvisioningTemplate>
    <pnp:ProvisioningTemplate ID="TEMPLATE-RootSite" Version="0" BaseSiteTemplate="STS#3" Scope="RootSite">
      <!--
      <pnp:SiteSettings AllowDesigner="true" AllowCreateDeclarativeWorkflow="true" AllowSaveDeclarativeWorkflowAsTemplate="true" AllowSavePublishDeclarativeWorkflow="true" SearchBoxInNavBar="Inherit" SearchCenterUrl="" />
      <pnp:RegionalSettings AdjustHijriDays="0" AlternateCalendarType="None" CalendarType="Gregorian" Collation="25" FirstDayOfWeek="Sunday" FirstWeekOfYear="0" LocaleId="1033" ShowWeeks="false" Time24="false" TimeZone="13" WorkDayEndHour="5:00PM" WorkDays="62" WorkDayStartHour="8:00AM" />
      <pnp:PropertyBagEntries>
        <pnp:PropertyBagEntry Key="UseFastCloneFromSiteMaster" Value="FALSE" Overwrite="false" />
      </pnp:PropertyBagEntries>
      -->
      <!--
      <pnp:Security AssociatedOwnerGroup="{groupsitetitle} Owners" AssociatedMemberGroup="{groupsitetitle} Members" AssociatedVisitorGroup="{groupsitetitle} Visitors">
        <pnp:SiteGroups>
          <pnp:SiteGroup
              Title="{parameter:SubWeb_URL} Owners"
              Description=""
              Owner="{parameter:SubWeb_URL} Owners" />
          <pnp:SiteGroup
              Title="{parameter:SubWeb_URL} Members"
              Description=""
              Owner="{parameter:SubWeb_URL} Owners" />
          <pnp:SiteGroup
              Title="{parameter:SubWeb_URL} Visitors"
              Description=""
              Owner="{parameter:SubWeb_URL} Owners" />
        </pnp:SiteGroups>
        <pnp:Permissions>
          <pnp:RoleAssignments>
            <pnp:RoleAssignment Principal="{parameter:SubWeb_URL} Owners" RoleDefinition="Read"/>
            <pnp:RoleAssignment Principal="{parameter:SubWeb_URL} Members" RoleDefinition="Read"/>
            <pnp:RoleAssignment Principal="{parameter:SubWeb_URL} Visitors" RoleDefinition="Read"/>
          </pnp:RoleAssignments>
        </pnp:Permissions>

      </pnp:Security>
      -->
            <pnp:Features>
        <pnp:WebFeatures>
          <pnp:Feature ID="5007df5b-1eea-49f8-9c02-5debc81ce3f2" />
        </pnp:WebFeatures>
      </pnp:Features>
    </pnp:ProvisioningTemplate>
    
    
  </pnp:Templates>
  <pnp:Sequence ID="TENANTSEQUENCE">
    <pnp:SiteCollections>
      <pnp:SiteCollection d4p1:type="pnp:TeamSiteNoGroup" Title="{parameter:SITECOLLECTION_TITLE}" Description="" IsHubSite="false" Url="{parameter:SITECOLLECTION_URL}" Owner="" TimeZoneId="13" Language="1033" Groupify="false" IsPublic="false" xmlns:d4p1="http://www.w3.org/2001/XMLSchema-instance">
        <pnp:Templates>
            <pnp:ProvisioningTemplateReference ID="TEMPLATE-RootSite" />
            <pnp:ProvisioningTemplateReference ID="TEMPLATE-DocLib" />
            <pnp:ProvisioningTemplateReference ID="TEMPLATE-RootSiteNavigation" />
        </pnp:Templates>
        <!--
        <pnp:Sites>
          <pnp:Site xmlns:xsi="http://www.w3.org/2001/XMLSchema-instance" xsi:type="pnp:TeamSubSiteNoGroup" Url="{parameter:SubWeb_URL}" Title="{parameter:SubWeb_TITLE}" Description="" TimeZoneId="8" QuickLaunchEnabled="true" UseSamePermissionsAsParentSite="false" >
            <pnp:Templates>
              <pnp:ProvisioningTemplateReference ID="TEMPLATE-SubSite" />
              <pnp:ProvisioningTemplateReference ID="TEMPLATE-DocLib" />
              <pnp:ProvisioningTemplateReference ID="TEMPLATE-Navigation" />
              
            </pnp:Templates>
          </pnp:Site>
        </pnp:Sites>
        -->
      </pnp:SiteCollection>
    </pnp:SiteCollections>
  </pnp:Sequence>
</pnp:Provisioning>