<?xml version="1.0"?>
<pnp:Provisioning xmlns:pnp="http://schemas.dev.office.com/PnP/2021/03/ProvisioningSchema">
  <pnp:Preferences Generator="PnP.Framework, Version=1.6.0.0, Culture=neutral, PublicKeyToken=null">
    <pnp:Parameters>
      
      <pnp:Parameter Key="SITECOLLECTION_URL">https://petronas.sharepoint.com/sites/ecm_sandbox2</pnp:Parameter>
      <pnp:Parameter Key="SITECOLLECTION_TITLE">ECM Sandbox2</pnp:Parameter>
      <pnp:Parameter Key="SubWeb_URL">RecordCenter</pnp:Parameter>
      <pnp:Parameter Key="SubWeb_TITLE">Record Center</pnp:Parameter>
      
    </pnp:Parameters>
  </pnp:Preferences>
  <pnp:Templates ID="CONTAINER-DUMMY-abf73ab9-f207-45a4-b9f2-d8a456d0ab6a">
  
    <pnp:ProvisioningTemplate ID="TEMPLATE-Navigation" Version="0" Scope="Web" >
      <pnp:Navigation AddNewPagesToNavigation="false" CreateFriendlyUrlsForNewPages="false">
        
        <pnp:CurrentNavigation NavigationType="StructuralLocal">
          <pnp:StructuralNavigation RemoveExistingNodes="false">
               <pnp:NavigationNode Title="{parameter:RLibTitle}" Url="{site}/{parameter:RLibURL}/Forms/AllItems.aspx" />
        
            
          </pnp:StructuralNavigation>
        </pnp:CurrentNavigation>
        
      </pnp:Navigation>
      
    </pnp:ProvisioningTemplate>

  <pnp:ProvisioningTemplate ID="TEMPLATE-RecordDocLib" Version="0" >
      
      <pnp:Lists>
      <pnp:ListInstance Title="{parameter:RLibTitle}" Description="" OnQuickLaunch="false" TemplateType="101" Url="{parameter:RLibURL}" EnableVersioning="true" EnableMinorVersions="true" MinorVersionLimit="500" MaxVersionLimit="500" DraftVersionVisibility="0" TemplateFeatureID="00bfea71-e717-4e80-aa17-d0c71b360101" ContentTypesEnabled="false" EnableAttachments="false" IrmExpire="false" IrmReject="false" IsApplicationList="false" ValidationFormula="" ValidationMessage="">
          <pnp:PropertyBagEntries>
            <pnp:PropertyBagEntry Key="ecm_ListReadyForLocking" Value="True" Overwrite="false" />
            <pnp:PropertyBagEntry Key="ecm_IPRListUseListSpecific" Value="True" Overwrite="false" />
            <pnp:PropertyBagEntry Key="IsAttachmentLibrary" Value="0" Overwrite="false" />
            <pnp:PropertyBagEntry Key="ecm_ListFieldsReadyForIPR" Value="True" Overwrite="false" />
            <pnp:PropertyBagEntry Key="ecm_AutoDeclareRecords" Value="False" Overwrite="false" />
            <pnp:PropertyBagEntry Key="ecm_ListReadyForIPR" Value="True" Overwrite="false" />
            <pnp:PropertyBagEntry Key="ecm_AllowManualDeclaration" Value="True" Overwrite="false" />
          </pnp:PropertyBagEntries>
          <pnp:ContentTypeBindings>
           <pnp:ContentTypeBinding ContentTypeID="0x010100305A7630DED8AC449F3D69CED2B8854E" Default="true" />
             
            <pnp:ContentTypeBinding ContentTypeID="0x0101" Remove="true" />
            <pnp:ContentTypeBinding ContentTypeID="0x0120" />
          </pnp:ContentTypeBindings>
          <pnp:Views RemoveExistingViews="true" >
            <View Name="{93BAE9BD-9E54-4973-A183-672301A8295B}" DefaultView="TRUE" MobileView="TRUE" MobileDefaultView="TRUE" Type="HTML" DisplayName="All Documents" Url="{site}/PSamarang1/Forms/AllItems.aspx" Level="1" BaseViewID="1" ContentTypeID="0x" ImageUrl="/_layouts/15/images/dlicon.png?rev=47">
              <Query>
                <OrderBy>
                  <FieldRef Name="FileLeafRef" />
                </OrderBy>
              </Query>
              <ViewFields>
                <FieldRef Name="DocIcon" />
                <FieldRef Name="LinkFilename" />
                <FieldRef Name="Modified" />
                <FieldRef Name="Editor" />
                <FieldRef Name="Business_x0020_Metadata" />
                <FieldRef Name="Discipline_x0020_Metadata" />
                <FieldRef Name="_vti_ItemDeclaredRecord" />
                <FieldRef Name="Approval_x0020_Date" />
                <FieldRef Name="Expiry_x0020_Date" />
                <FieldRef Name="ECMS_x0020_Record_x0020_Type" />
                <FieldRef Name="Author" />
                <FieldRef Name="Created" />
              </ViewFields>
              <RowLimit Paged="TRUE">30</RowLimit>
              <Aggregations Value="Off" />
              <JSLink>clienttemplates.js</JSLink>
              <ViewData />
            </View>
          </pnp:Views>
          <pnp:FieldRefs>
             <pnp:FieldRef ID="0056c481-806a-47a0-8354-385a7bb52d75" Name="e7aa79d8004548e3b9335656e0715aed" Hidden="true" DisplayName="Discipline Metadata_0" />
            <pnp:FieldRef ID="72685604-7bd4-4923-a5ee-7fbf783da778" Name="k68cf223c2c546e8ac4fe9dac58a8e38" Hidden="true" DisplayName="Business Metadata_0" />
            <pnp:FieldRef ID="f3272082-ac0b-4626-8efc-04ca6f165abd" Name="p8c8ba0021e54114b962799488b630ca" Hidden="true" DisplayName="ECMS Record Type_0" />
            <pnp:FieldRef ID="cb19284a-cde7-4570-a980-1dab8bd74470" Name="_ExtendedDescription" DisplayName="Description" />
            <pnp:FieldRef ID="98c8ba00-21e5-4114-b962-799488b630ca" Name="ECMS_x0020_Record_x0020_Type" DisplayName="ECMS Record Type" />
            <pnp:FieldRef ID="4489dd3d-960d-48b4-a3e0-2efba1b601d1" Name="Expiry_x0020_Date" DisplayName="ECMS Event Date" />
            <pnp:FieldRef ID="468cf223-c2c5-46e8-ac4f-e9dac58a8e38" Name="Business_x0020_Metadata" DisplayName="Business Metadata" />
            <pnp:FieldRef ID="e7aa79d8-0045-48e3-b933-5656e0715aed" Name="Discipline_x0020_Metadata" DisplayName="Discipline Metadata" />
            <pnp:FieldRef ID="808744ce-9f1d-4dd0-a4a5-b484d39d96d2" Name="Security_x0020_Classification" Required="true" DisplayName="Security Classification" />
            <pnp:FieldRef ID="bb034178-3aee-4d43-abd1-607f09c23c97" Name="Vital_x0020_Classification" DisplayName="Vital Classification" />
            <pnp:FieldRef ID="7a1a3ae4-f49f-4927-921c-fb9c47ef1ada" Name="Document_x0020_Structure" DisplayName="Document Structure" />
            <pnp:FieldRef ID="b8c5ea1e-95c2-42b3-821c-39b3722e8217" Name="Approver" DisplayName="Approver" />
            <pnp:FieldRef ID="14e116c6-7050-472b-8dea-5bf5f2ec5f76" Name="Approval_x0020_Date" DisplayName="Approval Date" />
            <pnp:FieldRef ID="1e87793c-4264-4221-99b7-bf7cb5847b67" Name="Revision_x0020_No" DisplayName="Revision No" />
            <pnp:FieldRef ID="01b665fe-f2e2-4265-aefa-4139eadade29" Name="DocumentSourceURLs" DisplayName="DocumentSourceURLs" />
            <pnp:FieldRef ID="fa5c1dbd-e52d-4da6-99cf-2fb3f8a37352" Name="Record_x0020_Status" DisplayName="Record Status" />
            <pnp:FieldRef ID="f9a44731-84eb-43a4-9973-cd2953ad8646" Name="_vti_ItemDeclaredRecord" DisplayName="Declared Record" />

         </pnp:FieldRefs>
        </pnp:ListInstance>
      </pnp:Lists>
    </pnp:ProvisioningTemplate>


    <pnp:ProvisioningTemplate ID="TEMPLATE-RootSite" Version="0" BaseSiteTemplate="STS#3" Scope="RootSite">
      <!--
      <pnp:SiteSettings AllowDesigner="true" AllowCreateDeclarativeWorkflow="true" AllowSaveDeclarativeWorkflowAsTemplate="true" AllowSavePublishDeclarativeWorkflow="true" SearchBoxInNavBar="Inherit" SearchCenterUrl="" />
      <pnp:RegionalSettings AdjustHijriDays="0" AlternateCalendarType="None" CalendarType="Gregorian" Collation="25" FirstDayOfWeek="Sunday" FirstWeekOfYear="0" LocaleId="1033" ShowWeeks="false" Time24="false" TimeZone="13" WorkDayEndHour="5:00PM" WorkDays="62" WorkDayStartHour="8:00AM" />
      <pnp:PropertyBagEntries>
        <pnp:PropertyBagEntry Key="UseFastCloneFromSiteMaster" Value="FALSE" Overwrite="false" />
      </pnp:PropertyBagEntries>
      -->
      <pnp:Security AssociatedOwnerGroup="{groupsitetitle} Owners" AssociatedMemberGroup="{groupsitetitle} Members" AssociatedVisitorGroup="{groupsitetitle} Visitors">
        <pnp:SiteGroups>
           <pnp:SiteGroup
            Title="{parameter:SubWeb_URL} Owners"
              Description=""
              Owner="{parameter:SITECOLLECTION_TITLE} Owners" />
        </pnp:SiteGroups>
        <pnp:Permissions>
          <pnp:RoleAssignments>
      <pnp:RoleAssignment Principal="{parameter:SITECOLLECTION_TITLE} Owners" RoleDefinition="Contribute"/>
            <pnp:RoleAssignment Principal="{parameter:SITECOLLECTION_TITLE} Members" RoleDefinition="Contribute"/>
            <pnp:RoleAssignment Principal="{parameter:SITECOLLECTION_TITLE} Visitors" RoleDefinition="Read"/>
          </pnp:RoleAssignments>
        </pnp:Permissions>

      </pnp:Security>
      
    </pnp:ProvisioningTemplate>
    <pnp:ProvisioningTemplate ID="TEMPLATE-SubSite" Version="1" BaseSiteTemplate="STS#3" Scope="Web">
      <!--
      <pnp:WebSettings RequestAccessEmail="" NoCrawl="false" WelcomePage="SitePages/Home.aspx" SiteLogo="" AlternateCSS="" MasterPageUrl="{masterpagecatalog}/seattle.master" CustomMasterPageUrl="{masterpagecatalog}/seattle.master" CommentsOnSitePagesDisabled="false" QuickLaunchEnabled="true" MembersCanShare="true" SearchScope="DefaultScope" SearchBoxInNavBar="Inherit" />
      <pnp:SiteSettings AllowDesigner="true" AllowCreateDeclarativeWorkflow="true" AllowSaveDeclarativeWorkflowAsTemplate="true" AllowSavePublishDeclarativeWorkflow="true" SearchBoxInNavBar="Inherit" SearchCenterUrl="" />
      <pnp:RegionalSettings AdjustHijriDays="0" AlternateCalendarType="None" CalendarType="Gregorian" Collation="25" FirstDayOfWeek="Sunday" FirstWeekOfYear="0" LocaleId="1033" ShowWeeks="false" Time24="false" TimeZone="13" WorkDayEndHour="5:00PM" WorkDays="62" WorkDayStartHour="8:00AM" />
      -->
      <pnp:Security BreakRoleInheritance="false" CopyRoleAssignments="false" RemoveExistingUniqueRoleAssignments="true" AssociatedOwnerGroup="{parameter:SubWeb_URL} Owners" AssociatedMemberGroup="{parameter:SubWeb_URL} Members" AssociatedVisitorGroup="{parameter:SubWeb_URL} Visitors">
        <pnp:Permissions>
          <pnp:RoleAssignments>
            <pnp:RoleAssignment Principal="{parameter:SITECOLLECTION_TITLE} Owners" RoleDefinition="Read"/>
            <pnp:RoleAssignment Principal="{parameter:SITECOLLECTION_TITLE} Members" RoleDefinition="Read"/>
             
          </pnp:RoleAssignments>
        </pnp:Permissions>
      
      </pnp:Security>
      <pnp:Navigation AddNewPagesToNavigation="false" CreateFriendlyUrlsForNewPages="false">
        <!--
        <pnp:GlobalNavigation NavigationType="Structural">
          <pnp:StructuralNavigation RemoveExistingNodes="false" />
        </pnp:GlobalNavigation>
        -->
        <pnp:CurrentNavigation NavigationType="StructuralLocal">
          <pnp:StructuralNavigation RemoveExistingNodes="false">
            
          </pnp:StructuralNavigation>
        </pnp:CurrentNavigation>
      </pnp:Navigation>
      
      <pnp:Features>
        <pnp:WebFeatures>
          <pnp:Feature ID="5007df5b-1eea-49f8-9c02-5debc81ce3f2" />
        </pnp:WebFeatures>
      </pnp:Features>
      
      <pnp:Header Layout="Standard" ShowSiteTitle="false" ShowSiteNavigation="false" />
    </pnp:ProvisioningTemplate>
    
  </pnp:Templates>
  <pnp:Sequence ID="TENANTSEQUENCE">
    <pnp:SiteCollections>
      <pnp:SiteCollection d4p1:type="pnp:TeamSiteNoGroup" Title="{parameter:SITECOLLECTION_TITLE}" Description="" IsHubSite="false" Url="{parameter:SITECOLLECTION_URL}" Owner="" TimeZoneId="13" Language="1033" Groupify="false" IsPublic="false" xmlns:d4p1="http://www.w3.org/2001/XMLSchema-instance">
        <pnp:Templates>
          <pnp:ProvisioningTemplateReference ID="TEMPLATE-RootSite" />
          
        </pnp:Templates>
        <pnp:Sites>
          <pnp:Site xmlns:xsi="http://www.w3.org/2001/XMLSchema-instance" xsi:type="pnp:TeamSubSiteNoGroup" Url="{parameter:SubWeb_URL}" Title="{parameter:SubWeb_TITLE}" Description="" TimeZoneId="8" QuickLaunchEnabled="true" UseSamePermissionsAsParentSite="false" >
            <pnp:Templates>
              <pnp:ProvisioningTemplateReference ID="TEMPLATE-SubSite" />
              <pnp:ProvisioningTemplateReference ID="TEMPLATE-RecordDocLib" />
              <pnp:ProvisioningTemplateReference ID="TEMPLATE-Navigation" />
              
            </pnp:Templates>
          </pnp:Site>
        </pnp:Sites>
      </pnp:SiteCollection>
    </pnp:SiteCollections>
  </pnp:Sequence>
</pnp:Provisioning>