{
  "$schema": "https://developer.microsoft.com/json-schemas/spfx-build/package-solution.schema.json",
  "solution": {
    "name": "PromoteRecordDEV",
    "id": "608fe5c4-eefd-4ba2-9424-796a5d276ae5",    
    "version": "1.0.0.3",
    "includeClientSideAssets": true,
    "isDomainIsolated": false,
    "developer": {
      "name": "",
      "websiteUrl": "",
      "privacyUrl": "",
      "termsOfUseUrl": "",
      "mpnId": ""
    }
  },
  "paths": {
    "zippedPackage": "solution/promote-record-dev.sppkg"
  }
}
