{
    "IsEncrypted": false,
  "Values": {
    "AzureWebJobsStorage": "UseDevelopmentStorage=true",
    "EcmURL": "https://petronas.sharepoint.com/sites/recordcenter",
    "tenantID": "3b2e8941-7948-4131-978a-b2dfc7295091",
    "clientID": "9fd76264-2ca2-4c46-ac8d-7f9e3116526a",
    "CertThumbPrint": "A02A07159055B9589D59803630AC0CFE5BB2116B",
    "ConfigListName": "sysECMSDocCenterCLInfo",
    "RequestListName": "sysCLRequest",
    "FUNCTIONS_WORKER_RUNTIME": "dotnet",
    "TimerInterval": "0 */30  * * * *"

  }
}