SubWeb_URL,SubWeb_TITLE
confidential,Confidential
RecordCenter,RecordCenter
,Upstream - International Asset - Turkmenistan
GMO,GM Office
HSSE,HSE
HSSE-IHOH,Industrial Hygiene / Occupational Health
HSSE-Safety,Safety
HSSE-Security,Security
HSSE-E,Environment
HSSE-HSEPP,HSE Planning & Performance
LEGAL,Legal
KA,Kiyanly Asset 
KA-PO,Production  Operations 
KA-PO-PP,Production Planning 
KA-PO-OFFI,Offshore Installation 
KA-PO-TI,Terminal Installation
KA-PO-FO,Field Operations 
KA-ME,Maintenance Excellence 
KA-ME-MECH,Mechanical
KA-ME-IEM,"Instrument, Electrical & Metering "
KA-ME-FM,Field Maintenance 
KA-TE,Technical Excellence 
KA-TE-FE,Facilities Engineering 
KA-TE-PS,Process Safety 
KA-TE-PROCESS,Process 
KA-TE-R,Reliability
KA-TE-MPS,Maintenance Planning & System
KA-CM,Capability Management
KG,Kiyanly Growth
KG-SS,Subsurface 
KG-SS-RC,Resource/Cluster 
KG-SS-RS,Reservoir Surveillance 
KG-SS-PC,Production Chemistry 
KG-WELLS,Wells 
KG-PD,Project Delivery 
KG-PD-E,Engineering 
KG-PD-C,Construction
KG-PC,Project Control
PABPI,Petroleum Arrangement & BPI
PABPI-PA,Petroleum Arrangement 
PABPI-BPI,Business Performance Improvement (BPI)
RA,Risk & Assurance
RA-DM,Document Management 
SM,Stakeholders Management 
SM-HLA,Host Liaison- Ashgabat
SM-HLK,Host Liaison- Kiyanly
ADMIN,Administration
ADMIN-KIYANLY,Administration Kiyanly
FA,Finance & Accounts 
FA-BA,Budget & Accounts 
FA-FS,Financial Services 
FA-PSCAT,PSC Accounting  & Taxation
IT,Information Technology 
HRM,Human Resources Management (HRM)
HRM-PPM,People Planning & Management
HRM-IR,Industrial Relations 
HRM-HRS,HR Services 
PROCL,Procurement  & Logistics 
PROCL-GCM,Governance & Contract Management 
PROCL-SM,Sourcing Management 
PROCL-LM,Logistics Management 
PROCLWMM,Warehouse & Materials Management 
