<?xml version="1.0"?>
<pnp:Provisioning xmlns:pnp="http://schemas.dev.office.com/PnP/2021/03/ProvisioningSchema">
  <pnp:Preferences Generator="PnP.Framework, Version=1.6.0.0, Culture=neutral, PublicKeyToken=null">
    <pnp:Parameters>
      
      <pnp:Parameter Key="SITECOLLECTION_URL">https://petronas.sharepoint.com/sites/ecm_sandbox2</pnp:Parameter>
      <pnp:Parameter Key="SITECOLLECTION_TITLE">ECM Sandbox2</pnp:Parameter>
      <pnp:Parameter Key="SubWeb_URL">confidential</pnp:Parameter>
      <pnp:Parameter Key="SubWeb_TITLE">Confidential</pnp:Parameter>
      
    </pnp:Parameters>
  </pnp:Preferences>
  <pnp:Templates ID="CONTAINER-DUMMY-abf73ab9-f207-45a4-b9f2-d8a456d0ab6a">
  
    <pnp:ProvisioningTemplate ID="TEMPLATE-Navigation" Version="0" Scope="Web" >
      <pnp:Navigation AddNewPagesToNavigation="false" CreateFriendlyUrlsForNewPages="false">
        
        <pnp:CurrentNavigation NavigationType="StructuralLocal">
          <pnp:StructuralNavigation RemoveExistingNodes="true">
               <pnp:NavigationNode Title="sysCLRequest" Url="{site}/Lists/sysCLRequest/My Request.aspx" />
        
            
          </pnp:StructuralNavigation>
        </pnp:CurrentNavigation>
      </pnp:Navigation>
      
    </pnp:ProvisioningTemplate>
    <pnp:ProvisioningTemplate ID="TEMPLATE-ConDocLib" Version="0" >
      
      <pnp:Lists>
             
<pnp:ListInstance Title="sysCLRequest" Description="" DocumentTemplate="" TemplateType="100" Url="Lists/sysCLRequest" MinorVersionLimit="0" MaxVersionLimit="0" DraftVersionVisibility="0" TemplateFeatureID="00bfea71-de22-43b2-a848-c05709900100" EnableAttachments="false" EnableFolderCreation="false" NoCrawl="true" DefaultDisplayFormUrl="{site}/Lists/sysCLRequest/DispForm.aspx" DefaultEditFormUrl="{site}/Lists/sysCLRequest/EditForm.aspx" DefaultNewFormUrl="{site}/Lists/sysCLRequest/NewForm.aspx" ImageUrl="/_layouts/15/images/itgen.png?rev=47" IrmExpire="false" IrmReject="false" IsApplicationList="false"  WriteSecurity="2" ValidationFormula="" ValidationMessage="">
          <pnp:ContentTypeBindings>
            <pnp:ContentTypeBinding ContentTypeID="0x01" Default="true" />
            <pnp:ContentTypeBinding ContentTypeID="0x0120" />
          </pnp:ContentTypeBindings>
          <pnp:Views>
            <View Name="{2E522E9A-529B-42C7-96FA-83592CD9A71F}" MobileView="TRUE" MobileDefaultView="TRUE" Type="HTML" DisplayName="All Items" Url="{site}/Lists/sysCLRequest/AllItems.aspx" Level="1" BaseViewID="1" ContentTypeID="0x" ImageUrl="/_layouts/15/images/generic.png?rev=47">
              <Query>
                <OrderBy>
                  <FieldRef Name="ID" />
                </OrderBy>
              </Query>
              <ViewFields>
                <FieldRef Name="LinkTitle" />
                <FieldRef Name="Justification" />
                <FieldRef Name="LibraryOwner" />
                <FieldRef Name="Status" />
                <FieldRef Name="ManageGroups" />
                <FieldRef Name="Modified" />
              </ViewFields>
              <RowLimit Paged="TRUE">30</RowLimit>
              <Aggregations Value="Off" />
              <JSLink>clienttemplates.js</JSLink>
              <CustomFormatter />
              <ViewData />
            </View>
            <View Name="{D2874D2E-9EF4-4C56-A67F-458A5EB1896A}" DefaultView="TRUE" Type="HTML" DisplayName="My Request" Url="{site}/Lists/sysCLRequest/My Request.aspx" Level="1" BaseViewID="1" ContentTypeID="0x" ImageUrl="/_layouts/15/images/generic.png?rev=47">
              <Query>
                <Where>
                  <Or>
                    <Eq>
                      <FieldRef Name="LibraryOwner" />
                      <Value Type="Integer">
                        <UserID Type="Integer" />
                      </Value>
                    </Eq>
                    <Eq>
                      <FieldRef Name="Author" />
                      <Value Type="Integer">
                        <UserID Type="Integer" />
                      </Value>
                    </Eq>
                  </Or>
                </Where>
              </Query>
              <ViewFields>
                <FieldRef Name="Title" />
                <FieldRef Name="Justification" />
                <FieldRef Name="LibraryOwner" />
                <FieldRef Name="ManageGroups" />
                <FieldRef Name="Status" />
                <FieldRef Name="Site_x0020_Admin_x0020_Approver" />
              </ViewFields>
              <RowLimit Paged="TRUE">30</RowLimit>
              <Aggregations Value="Off" />
              <JSLink>clienttemplates.js</JSLink>
              <CustomFormatter />
              <ViewData />
            </View>
          </pnp:Views>
          <pnp:Fields>
            <Field AppendOnly="FALSE" ClientSideComponentId="00000000-0000-0000-0000-000000000000" DisplayName="Justification" Format="Dropdown" IsolateStyles="FALSE" Name="Justification" Required="TRUE" RichText="FALSE" RichTextMode="Compatible" Title="Justification" Type="Note" ID="{2306728f-5e3b-45c5-a2d8-66eef4ab78b2}" Version="2" StaticName="Justification" SourceID="{96efa5eb-f6fa-495d-b556-cdfd549ff337}" ColName="ntext2" RowOrdinal="0" />
            <Field ClientSideComponentId="00000000-0000-0000-0000-000000000000" DisplayName="Library Owner" Format="Dropdown" List="UserInfo" Name="LibraryOwner" Required="TRUE" Title="Library Owner" Type="UserMulti" UserSelectionMode="PeopleOnly" UserSelectionScope="0" ID="{a7a7968e-2f4e-4407-821a-c5da856e2135}" Version="3" StaticName="LibraryOwner" SourceID="{96efa5eb-f6fa-495d-b556-cdfd549ff337}" ColName="int1" RowOrdinal="0" EnforceUniqueValues="FALSE" Group="" ShowField="ImnName" Mult="TRUE" Sortable="FALSE" />
            <Field ClientSideComponentId="00000000-0000-0000-0000-000000000000" DisplayName="Status" FillInChoice="FALSE" Format="Dropdown" Name="Status" Title="Status" Type="Choice" ID="{eea608b7-623a-4fbb-a0e1-35a72a49133a}" Version="4" StaticName="Status" SourceID="{96efa5eb-f6fa-495d-b556-cdfd549ff337}" ColName="nvarchar4" RowOrdinal="0">
              <CHOICES>
                <CHOICE>Pending Approval</CHOICE>
                <CHOICE>Approved</CHOICE>
                <CHOICE>Provisioned</CHOICE>
                <CHOICE>Rejected</CHOICE>
              </CHOICES>
              <Default>Pending Approval</Default>
            </Field>
            <Field DisplayName="Manage Groups" Format="Hyperlink" IsModern="TRUE" Name="ManageGroups" Title="Manage Groups" Type="URL" ID="{937c882d-666b-437a-a682-571deb435205}" SourceID="{96efa5eb-f6fa-495d-b556-cdfd549ff337}" StaticName="ManageGroups" ColName="nvarchar5" RowOrdinal="0" ColName2="nvarchar6" RowOrdinal2="0" />
            <Field Type="User" DisplayName="Site Admin Approver" List="UserInfo" Required="FALSE" EnforceUniqueValues="FALSE" ShowField="ImnName" UserSelectionMode="PeopleOnly" UserSelectionScope="3" ID="{26763996-7707-4c2b-8f6f-1dd02ac9f4a9}" SourceID="{{listid:sysCLRequest}}" StaticName="Site_x0020_Admin_x0020_Approver" Name="Site_x0020_Admin_x0020_Approver" ColName="int2" RowOrdinal="0" Group="" Version="2" />
          </pnp:Fields>
        </pnp:ListInstance>
        
      </pnp:Lists>
    </pnp:ProvisioningTemplate>
    <pnp:ProvisioningTemplate ID="TEMPLATE-RootSite" Version="0" BaseSiteTemplate="STS#3" Scope="RootSite">
      <!--
      <pnp:SiteSettings AllowDesigner="true" AllowCreateDeclarativeWorkflow="true" AllowSaveDeclarativeWorkflowAsTemplate="true" AllowSavePublishDeclarativeWorkflow="true" SearchBoxInNavBar="Inherit" SearchCenterUrl="" />
      <pnp:RegionalSettings AdjustHijriDays="0" AlternateCalendarType="None" CalendarType="Gregorian" Collation="25" FirstDayOfWeek="Sunday" FirstWeekOfYear="0" LocaleId="1033" ShowWeeks="false" Time24="false" TimeZone="13" WorkDayEndHour="5:00PM" WorkDays="62" WorkDayStartHour="8:00AM" />
      <pnp:PropertyBagEntries>
        <pnp:PropertyBagEntry Key="UseFastCloneFromSiteMaster" Value="FALSE" Overwrite="false" />
      </pnp:PropertyBagEntries>
      -->
      <pnp:Security AssociatedOwnerGroup="{groupsitetitle} Owners" AssociatedMemberGroup="{groupsitetitle} Members" AssociatedVisitorGroup="{groupsitetitle} Visitors">
        <pnp:SiteGroups>
          <pnp:SiteGroup
            Title="{parameter:SubWeb_URL} Owners"
              Description=""
              Owner="{parameter:SITECOLLECTION_TITLE} Owners" />
          
        </pnp:SiteGroups>
        <pnp:Permissions>
          <pnp:RoleAssignments>
            <pnp:RoleAssignment Principal="{parameter:SITECOLLECTION_TITLE} Owners" RoleDefinition="Contribute"/>
            <pnp:RoleAssignment Principal="{parameter:SITECOLLECTION_TITLE} Members" RoleDefinition="Contribute"/>
            <pnp:RoleAssignment Principal="{parameter:SITECOLLECTION_TITLE} Visitors" RoleDefinition="Read"/>
          </pnp:RoleAssignments>
        </pnp:Permissions>

      </pnp:Security>
      
    </pnp:ProvisioningTemplate>
    <pnp:ProvisioningTemplate ID="TEMPLATE-SubSite" Version="1" BaseSiteTemplate="STS#3" Scope="Web">
      <!--
      <pnp:WebSettings RequestAccessEmail="" NoCrawl="false" WelcomePage="SitePages/Home.aspx" SiteLogo="" AlternateCSS="" MasterPageUrl="{masterpagecatalog}/seattle.master" CustomMasterPageUrl="{masterpagecatalog}/seattle.master" CommentsOnSitePagesDisabled="false" QuickLaunchEnabled="true" MembersCanShare="true" SearchScope="DefaultScope" SearchBoxInNavBar="Inherit" />
      <pnp:SiteSettings AllowDesigner="true" AllowCreateDeclarativeWorkflow="true" AllowSaveDeclarativeWorkflowAsTemplate="true" AllowSavePublishDeclarativeWorkflow="true" SearchBoxInNavBar="Inherit" SearchCenterUrl="" />
      <pnp:RegionalSettings AdjustHijriDays="0" AlternateCalendarType="None" CalendarType="Gregorian" Collation="25" FirstDayOfWeek="Sunday" FirstWeekOfYear="0" LocaleId="1033" ShowWeeks="false" Time24="false" TimeZone="13" WorkDayEndHour="5:00PM" WorkDays="62" WorkDayStartHour="8:00AM" />
      -->
      <pnp:Security BreakRoleInheritance="true" CopyRoleAssignments="false" RemoveExistingUniqueRoleAssignments="true" AssociatedOwnerGroup="{parameter:SubWeb_URL} Owners" AssociatedMemberGroup="{parameter:SubWeb_URL} Members" AssociatedVisitorGroup="{parameter:SubWeb_URL} Visitors">
        <pnp:Permissions>
          <pnp:RoleAssignments>
         <pnp:RoleAssignment Principal="{parameter:SITECOLLECTION_TITLE} Owners" RoleDefinition="Contribute"/>
            <pnp:RoleAssignment Principal="{parameter:SITECOLLECTION_TITLE} Members" RoleDefinition="Contribute"/>
            <pnp:RoleAssignment Principal="{parameter:SITECOLLECTION_TITLE} Visitors" RoleDefinition="Read"/>
          </pnp:RoleAssignments>
        </pnp:Permissions>
      
      </pnp:Security>
      <pnp:Navigation AddNewPagesToNavigation="false" CreateFriendlyUrlsForNewPages="false">
        <!--
        <pnp:GlobalNavigation NavigationType="Structural">
          <pnp:StructuralNavigation RemoveExistingNodes="false" />
        </pnp:GlobalNavigation>
        -->
        <pnp:CurrentNavigation NavigationType="StructuralLocal">
          <pnp:StructuralNavigation RemoveExistingNodes="false">
            
          </pnp:StructuralNavigation>
        </pnp:CurrentNavigation>
      </pnp:Navigation>
      
      <pnp:Features>
        <pnp:WebFeatures>
          <pnp:Feature ID="5007df5b-1eea-49f8-9c02-5debc81ce3f2" />
        </pnp:WebFeatures>
      </pnp:Features>
      
      <pnp:Header Layout="Standard" ShowSiteTitle="false" ShowSiteNavigation="false" />
    </pnp:ProvisioningTemplate>
    
  </pnp:Templates>
  <pnp:Sequence ID="TENANTSEQUENCE">
    <pnp:SiteCollections>
      <pnp:SiteCollection d4p1:type="pnp:TeamSiteNoGroup" Title="{parameter:SITECOLLECTION_TITLE}" Description="" IsHubSite="false" Url="{parameter:SITECOLLECTION_URL}" Owner="" TimeZoneId="13" Language="1033" Groupify="false" IsPublic="false" xmlns:d4p1="http://www.w3.org/2001/XMLSchema-instance">
        <pnp:Templates>
          <pnp:ProvisioningTemplateReference ID="TEMPLATE-RootSite" />
          
        </pnp:Templates>
        <pnp:Sites>
          <pnp:Site xmlns:xsi="http://www.w3.org/2001/XMLSchema-instance" xsi:type="pnp:TeamSubSiteNoGroup" Url="{parameter:SubWeb_URL}" Title="{parameter:SubWeb_TITLE}" Description="" TimeZoneId="8" QuickLaunchEnabled="true" UseSamePermissionsAsParentSite="false" >
            <pnp:Templates>
              <pnp:ProvisioningTemplateReference ID="TEMPLATE-SubSite" />
              <pnp:ProvisioningTemplateReference ID="TEMPLATE-ConDocLib" />
              <pnp:ProvisioningTemplateReference ID="TEMPLATE-Navigation" />
              
            </pnp:Templates>
          </pnp:Site>
        </pnp:Sites>
      </pnp:SiteCollection>
    </pnp:SiteCollections>
  </pnp:Sequence>
</pnp:Provisioning>