<?xml version="1.0"?>
<pnp:Provisioning xmlns:pnp="http://schemas.dev.office.com/PnP/2021/03/ProvisioningSchema">
  <pnp:Preferences Generator="PnP.Framework, Version=1.6.0.0, Culture=neutral, PublicKeyToken=null">
    <pnp:Parameters>
      
      <pnp:Parameter Key="SITECOLLECTION_URL">https://petronas.sharepoint.com/sites/ecm_sandbox2</pnp:Parameter>
      <pnp:Parameter Key="SITECOLLECTION_TITLE">ECM Sandbox2</pnp:Parameter>
      <pnp:Parameter Key="SubWeb_URL">RecordCenter</pnp:Parameter>
      <pnp:Parameter Key="SubWeb_TITLE">Record Center</pnp:Parameter>
      
    </pnp:Parameters>
  </pnp:Preferences>
  <pnp:Templates ID="CONTAINER-DUMMY-abf73ab9-f207-45a4-b9f2-d8a456d0ab6a">
  
    <pnp:ProvisioningTemplate ID="TEMPLATE-Navigation" Version="0" Scope="Web" >
      <pnp:Navigation AddNewPagesToNavigation="false" CreateFriendlyUrlsForNewPages="false">
        
        <pnp:CurrentNavigation NavigationType="StructuralLocal">
          <pnp:StructuralNavigation RemoveExistingNodes="true">
          <!--  <pnp:NavigationNode Title="Administrative" Url="{site}/Administrative/Forms/AllItems.aspx" />
            <pnp:NavigationNode Title="Correspondence" Url="{site}/Correspondence/Forms/AllItems.aspx" />
            <pnp:NavigationNode Title="Governance" Url="{site}/Governance/Forms/AllItems.aspx" />
            <pnp:NavigationNode Title="Management" Url="{site}/Management/Forms/AllItems.aspx" />
            <pnp:NavigationNode Title="Reference" Url="{site}/Reference/Forms/AllItems.aspx" />
            
            <pnp:NavigationNode Title="Digital Assets" Url="{site}/Digital Assets/Forms/AllItems.aspx" />
            -->
          </pnp:StructuralNavigation>
        </pnp:CurrentNavigation>
      </pnp:Navigation>
      
    </pnp:ProvisioningTemplate>

    <pnp:ProvisioningTemplate ID="TEMPLATE-RootSite" Version="0" BaseSiteTemplate="STS#3" Scope="RootSite">
      <!--
      <pnp:SiteSettings AllowDesigner="true" AllowCreateDeclarativeWorkflow="true" AllowSaveDeclarativeWorkflowAsTemplate="true" AllowSavePublishDeclarativeWorkflow="true" SearchBoxInNavBar="Inherit" SearchCenterUrl="" />
      <pnp:RegionalSettings AdjustHijriDays="0" AlternateCalendarType="None" CalendarType="Gregorian" Collation="25" FirstDayOfWeek="Sunday" FirstWeekOfYear="0" LocaleId="1033" ShowWeeks="false" Time24="false" TimeZone="13" WorkDayEndHour="5:00PM" WorkDays="62" WorkDayStartHour="8:00AM" />
      <pnp:PropertyBagEntries>
        <pnp:PropertyBagEntry Key="UseFastCloneFromSiteMaster" Value="FALSE" Overwrite="false" />
      </pnp:PropertyBagEntries>
      -->
      <pnp:Security AssociatedOwnerGroup="{groupsitetitle} Owners" AssociatedMemberGroup="{groupsitetitle} Members" AssociatedVisitorGroup="{groupsitetitle} Visitors">
        <pnp:SiteGroups>
           <pnp:SiteGroup
            Title="{parameter:SubWeb_URL} Owners"
              Description=""
              Owner="{parameter:SITECOLLECTION_TITLE} Owners" />
        </pnp:SiteGroups>
        <pnp:Permissions>
          <pnp:RoleAssignments>
      <pnp:RoleAssignment Principal="{parameter:SITECOLLECTION_TITLE} Owners" RoleDefinition="Contribute"/>
            <pnp:RoleAssignment Principal="{parameter:SITECOLLECTION_TITLE} Members" RoleDefinition="Contribute"/>
            <pnp:RoleAssignment Principal="{parameter:SITECOLLECTION_TITLE} Visitors" RoleDefinition="Read"/>
          </pnp:RoleAssignments>
        </pnp:Permissions>

      </pnp:Security>
      
    </pnp:ProvisioningTemplate>
    <pnp:ProvisioningTemplate ID="TEMPLATE-SubSite" Version="1" BaseSiteTemplate="STS#3" Scope="Web">
      <!--
      <pnp:WebSettings RequestAccessEmail="" NoCrawl="false" WelcomePage="SitePages/Home.aspx" SiteLogo="" AlternateCSS="" MasterPageUrl="{masterpagecatalog}/seattle.master" CustomMasterPageUrl="{masterpagecatalog}/seattle.master" CommentsOnSitePagesDisabled="false" QuickLaunchEnabled="true" MembersCanShare="true" SearchScope="DefaultScope" SearchBoxInNavBar="Inherit" />
      <pnp:SiteSettings AllowDesigner="true" AllowCreateDeclarativeWorkflow="true" AllowSaveDeclarativeWorkflowAsTemplate="true" AllowSavePublishDeclarativeWorkflow="true" SearchBoxInNavBar="Inherit" SearchCenterUrl="" />
      <pnp:RegionalSettings AdjustHijriDays="0" AlternateCalendarType="None" CalendarType="Gregorian" Collation="25" FirstDayOfWeek="Sunday" FirstWeekOfYear="0" LocaleId="1033" ShowWeeks="false" Time24="false" TimeZone="13" WorkDayEndHour="5:00PM" WorkDays="62" WorkDayStartHour="8:00AM" />
      -->
      <pnp:Security BreakRoleInheritance="false" CopyRoleAssignments="false" RemoveExistingUniqueRoleAssignments="true" AssociatedOwnerGroup="{parameter:SubWeb_URL} Owners" AssociatedMemberGroup="{parameter:SubWeb_URL} Members" AssociatedVisitorGroup="{parameter:SubWeb_URL} Visitors">
        <pnp:Permissions>
          <pnp:RoleAssignments>
            <pnp:RoleAssignment Principal="{parameter:SITECOLLECTION_TITLE} Owners" RoleDefinition="Read"/>
            <pnp:RoleAssignment Principal="{parameter:SITECOLLECTION_TITLE} Members" RoleDefinition="Read"/>
             
          </pnp:RoleAssignments>
        </pnp:Permissions>
      
      </pnp:Security>
      <pnp:Navigation AddNewPagesToNavigation="false" CreateFriendlyUrlsForNewPages="false">
        <!--
        <pnp:GlobalNavigation NavigationType="Structural">
          <pnp:StructuralNavigation RemoveExistingNodes="false" />
        </pnp:GlobalNavigation>
        -->
        <pnp:CurrentNavigation NavigationType="StructuralLocal">
          <pnp:StructuralNavigation RemoveExistingNodes="true">
            
          </pnp:StructuralNavigation>
        </pnp:CurrentNavigation>
      </pnp:Navigation>
      
      <pnp:Features>
        <pnp:WebFeatures>
          <pnp:Feature ID="5007df5b-1eea-49f8-9c02-5debc81ce3f2" />
        </pnp:WebFeatures>
      </pnp:Features>
      
      <pnp:Header Layout="Standard" ShowSiteTitle="false" ShowSiteNavigation="false" />
    </pnp:ProvisioningTemplate>
    
  </pnp:Templates>
  <pnp:Sequence ID="TENANTSEQUENCE">
    <pnp:SiteCollections>
      <pnp:SiteCollection d4p1:type="pnp:TeamSiteNoGroup" Title="{parameter:SITECOLLECTION_TITLE}" Description="" IsHubSite="false" Url="{parameter:SITECOLLECTION_URL}" Owner="" TimeZoneId="13" Language="1033" Groupify="false" IsPublic="false" xmlns:d4p1="http://www.w3.org/2001/XMLSchema-instance">
        <pnp:Templates>
          <pnp:ProvisioningTemplateReference ID="TEMPLATE-RootSite" />
          
        </pnp:Templates>
        <pnp:Sites>
          <pnp:Site xmlns:xsi="http://www.w3.org/2001/XMLSchema-instance" xsi:type="pnp:TeamSubSiteNoGroup" Url="{parameter:SubWeb_URL}" Title="{parameter:SubWeb_TITLE}" Description="" TimeZoneId="8" QuickLaunchEnabled="true" UseSamePermissionsAsParentSite="false" >
            <pnp:Templates>
              <pnp:ProvisioningTemplateReference ID="TEMPLATE-SubSite" />
              <!--<pnp:ProvisioningTemplateReference ID="TEMPLATE-DocLib" />-->
              <pnp:ProvisioningTemplateReference ID="TEMPLATE-Navigation" />
              
            </pnp:Templates>
          </pnp:Site>
        </pnp:Sites>
      </pnp:SiteCollection>
    </pnp:SiteCollections>
  </pnp:Sequence>
</pnp:Provisioning>