SubWeb_URL,SubWeb_TITLE
confidential,Confidential
RecordCenter,RecordCenter
USC,Strategy & Commercial (USC)
USC-HO,Head USC
USC-HO-GMO,GM Office
USC-HO-LT,USC LT
USC-HO-PALS,USCA PALS
USC-SA,Strategic Advisory (Planning)
USC-SM,Stakeholder Management
USC-SM-HSM,Head Stakeholder Management
USC-SM-CSR,Corporate Social Responsibilty (CSR)
USC-SM-BD,Stakeholder Management - Business Development (BD)
USC-SM-Exp,Stakeholder Management - Exploration
USC-SM-DPI,Stakeholder Management - D&P International
USC-SM-M,Stakeholder Management - Malaysia
USC-GSI,Global Stakeholder Intelligence
USC-CC,Corporate Communications
USC-CC-HCC,Head Corporate Communications
USC-CC-IC,Internal Communication
USC-CC-EC,External Communication
USC-PSM,Programme Strategy & Management 
USC-PSM-FM,Facilities Management
