DocCenterURL,subSiteURL,
https://petronas.sharepoint.com/sites/ecm_ups_corp_snc,https://petronas.sharepoint.com/sites/ecm_ups_corp_snc,
https://petronas.sharepoint.com/sites/ecm_ups_corp_snc,https://petronas.sharepoint.com/sites/ecm_ups_corp_snc/USC,USC
https://petronas.sharepoint.com/sites/ecm_ups_corp_snc,https://petronas.sharepoint.com/sites/ecm_ups_corp_snc/USC-HO,USC-HO
https://petronas.sharepoint.com/sites/ecm_ups_corp_snc,https://petronas.sharepoint.com/sites/ecm_ups_corp_snc/USC-HO-GMO,USC-HO-GMO
https://petronas.sharepoint.com/sites/ecm_ups_corp_snc,https://petronas.sharepoint.com/sites/ecm_ups_corp_snc/USC-HO-LT,USC-HO-LT
https://petronas.sharepoint.com/sites/ecm_ups_corp_snc,https://petronas.sharepoint.com/sites/ecm_ups_corp_snc/USC-HO-PALS,USC-HO-PALS
https://petronas.sharepoint.com/sites/ecm_ups_corp_snc,https://petronas.sharepoint.com/sites/ecm_ups_corp_snc/USC-SA,USC-SA
https://petronas.sharepoint.com/sites/ecm_ups_corp_snc,https://petronas.sharepoint.com/sites/ecm_ups_corp_snc/USC-SM,USC-SM
https://petronas.sharepoint.com/sites/ecm_ups_corp_snc,https://petronas.sharepoint.com/sites/ecm_ups_corp_snc/USC-SM-HSM,USC-SM-HSM
https://petronas.sharepoint.com/sites/ecm_ups_corp_snc,https://petronas.sharepoint.com/sites/ecm_ups_corp_snc/USC-SM-CSR,USC-SM-CSR
https://petronas.sharepoint.com/sites/ecm_ups_corp_snc,https://petronas.sharepoint.com/sites/ecm_ups_corp_snc/USC-SM-BD,USC-SM-BD
https://petronas.sharepoint.com/sites/ecm_ups_corp_snc,https://petronas.sharepoint.com/sites/ecm_ups_corp_snc/USC-SM-Exp,USC-SM-Exp
https://petronas.sharepoint.com/sites/ecm_ups_corp_snc,https://petronas.sharepoint.com/sites/ecm_ups_corp_snc/USC-SM-DPI,USC-SM-DPI
https://petronas.sharepoint.com/sites/ecm_ups_corp_snc,https://petronas.sharepoint.com/sites/ecm_ups_corp_snc/USC-SM-M,USC-SM-M
https://petronas.sharepoint.com/sites/ecm_ups_corp_snc,https://petronas.sharepoint.com/sites/ecm_ups_corp_snc/USC-GSI,USC-GSI
https://petronas.sharepoint.com/sites/ecm_ups_corp_snc,https://petronas.sharepoint.com/sites/ecm_ups_corp_snc/USC-CC,USC-CC
https://petronas.sharepoint.com/sites/ecm_ups_corp_snc,https://petronas.sharepoint.com/sites/ecm_ups_corp_snc/USC-CC-HCC,USC-CC-HCC
https://petronas.sharepoint.com/sites/ecm_ups_corp_snc,https://petronas.sharepoint.com/sites/ecm_ups_corp_snc/USC-CC-IC,USC-CC-IC
https://petronas.sharepoint.com/sites/ecm_ups_corp_snc,https://petronas.sharepoint.com/sites/ecm_ups_corp_snc/USC-CC-EC,USC-CC-EC
https://petronas.sharepoint.com/sites/ecm_ups_corp_snc,https://petronas.sharepoint.com/sites/ecm_ups_corp_snc/USC-PSM,USC-PSM
https://petronas.sharepoint.com/sites/ecm_ups_corp_snc,https://petronas.sharepoint.com/sites/ecm_ups_corp_snc/USC-PSM-FM,USC-PSM-FM
