{
  "$schema": "https://developer.microsoft.com/json-schemas/spfx/client-side-web-part-manifest.schema.json",
  "id": "74cde4af-a58d-43b0-a326-f312da431dcf",
  "alias": "PromoteRecordWebPart",
  "componentType": "WebPart",
  "version": "*",
  "manifestVersion": 2,
  
  "requiresCustomScript": false,
  "supportedHosts": [
    "SharePointWebPart"
  ],
  "preconfiguredEntries": [
    {
      "groupId": "5c03119e-3074-46fd-976b-c60198311f70", 
      "group": {
        "default": "Other"
      },
      "title": {
        "default": "PromoteRecord"
      },
      "description": {
        "default": "PromoteRecord description"
      },
      "officeFabricIconFontName": "Page",
      "properties": {
        "description": "PromoteRecord"
      }
    }
  ]
}